name,exchange,symbol,stock,add,country
AbraPlata Resource Corp.,TSX Venture,AET-X,0.17 CDN ,"750 West Pender St, Vancouver, BC V6C 1G8",ca
Adamera Minerals Corp.,TSX Venture,ADZ,0.03 CDN,"1111 Melville St, Vancouver, BC V6E 3V6",ca
Adriatic Metals Plc,London ,ADT1 ,88.00 GBX,"65 Rodney Road, Cheltenham, GL50 1HX",gb
Adventus Mining Corporation,TSX Venture/OTC,ADZN/ADVZF,0.93 CDN ,"220 Bay St, Toronto, ON M5J 2W4",ca
Aeris Resources Limited,Sydney (ASX),AIS,0.05 AUS,"520 Wickham St, Fortitude Valley, QLD 4006",au
Affinity Metals Corp,TSX-Venture ,AFF,0.19 CDN,"600-890 West Pender St, Vancouver, BC V6C 1J9",ca
Aftermath Silver Ltd,TSX-Venture/OTCQB,AAG/AAGFF,0.30 CDN,"409 Granville St, Vancouver, BC V6C 1T2",ca
Agnico Eagle Mines Limited,TSE,AEM,76.23 CDN,"145 King St East, Toronto, ON M5C 2Y7",ca
AJN Resources Inc.,CSEX/ Frankfurt,AJN / 5AT,0.35 CDN ,"17618 Ave, Surrey, BC V3S 1L3",ca
Alacer Gold Corp.,TSE,ASR,6.33 CDN,"7001 E. Belleview Ave, Denver, CO 80237",us
Alamos Gold Inc.,TSE/NYSE,AGI,7.13 CDN,"181 Bay St, Toronto, ON M5J 2T3",ca
Aldebaran Resources Inc.,TSX Venture,ALDE,0.45 CDN ,"1177 West Hastings St, Vancouver, BC V6E 4T5",ca
Alexco Resource Corp.,TSE/NYSE,AXU,2.47 CDN ,"555 Burrard St, Vancouver, BC V7X 1M8",ca
Almaden Minerals Ltd.,TSE/NYSE,AMM/AAU ,0.66 CDN ,"1333 Johnston St, Vancouver, BC V6H 3R9",ca
Altamira Gold,TSX Venture/Frankfurt/US ,ALTA/T6UP/EQTRF,0.07 CDN ,"409 Granville St, Vancouver, BC V6C 1T2",ca
Altius Minerals Corp.,TSE,ALS,11.44 CDN,"38 Duffy Place, St Johns, NL, A1B 4M5",ca
Alto Ventures Ltd.,TSX Venture,ATV,0.03 CDN,"800 West Pender St, Vancouver, BC V6C 2V6",ca
ALX Resources Corp.,TSX Venture/Frankfurt/US ,AL/6LLN/ALXEF,0.05 CDN ,"1199 West Pender St, Vancouver, BC V6E 2R1",ca
Amarillo Gold Corp.,TSX Venture,AGC,0.20 CDN ,"82 Richmond St East, Toronto, ON M5C 1P1",ca
American Creek Resources Ltd.,TSX Venture,AMK,0.08 CDN ,"92 2 Ave W, Cardston, AB T0K 0K0",ca
Americas Gold and Silver,TSE,USA,3.78 CDN,"145 King St W, Toronto, ON M5H 1J8",ca
Amerigo Resources Ltd.,TSE ,ARG ,0.55 CDN ,"355 Burrard St, Vancouver, BC V6C 2G8",ca
Amex Exploration,TSX Venture/FRA/OTCQX,AMX/MX0/AMXEF,1.46 CDN,"410 Rue Saint Nicolas, Montréal, QC H2Y 2P5",ca
Anaconda Mining Inc.,TSE/OTCQX ,ANX/ANXGF ,0.24 CDN ,"150 York St, Toronto, ON M5H 3S5",ca
Andino Commodities S.A.S,,,,Cl 108 45-30 Bogota,co
Anglo American,London ,AAL ,2.161.50 GBX,"20 Carlton House Terrace, St James's, London SW1Y 5AN",gb
Appia Energy Corp.,CSE ,API,0.20 CDN,"2 Toronto St, Toronto, ON M5C 2B6",ca
Aquila Resources Inc.,TSE/OTCQB,AQA/AQARF,0.15 CDN ,"141 Adelaide St W, Toronto, ON M5H 3L5",ca
Arctic Star Exploration Corp.,TSX Venture,ADD,0.08 CDN,"1111 Melville St, Vancouver, BC V6E 3V6",ca
Ardiden Limited,Sydney (ASX),ASX,0.00 CDN ,"34 Colin St, West Perth, WA 6005",au
Ares Strategic Mining Inc.,,,,,
Argo Gold,CSE/OTC/Frankfurt,ARQ/ARBTF/FSE,0.10 CDN,"350 Bay St, Toronto, ON M5H 2S6",ca
Argonaut Gold Inc.,TSE,AR,1.92 CDN ,"9600 Prototype Court, Reno, NV 89521",us
Artemis Gold Inc.,TSX Venture,ARTG ,1.40 CDN,"595 Burrard St Vancouver, BC V7X 1L3",ca
Artisanal Gold Council,,,,"633 Courtney St, Victoria, BC V8W 1B8",ca
Asante Gold Corporation,CSE/Frankfurt ,ASE/1A9,0.05,"595 Howe St, Vancouver, BC V6C 2T5",ca
Ascendant Resources Inc.,TSE/OTCQX,ASND/ASDRF,0.40 CDN,"110 Yonge St Toronto, ON M5C 1T4",ca
Ascot Resources Ltd.,TSE/OTCQX,AOT/AOTVF,0.76 CDN,"505 Burrard St, Vancouver, BC V7X 1E5",ca
Aston Bay,TSX Venture,BAY,0.06 CDN,"80 Richmond St, Toronto, ON M5H 2A4",ca
ATAC Resources Ltd.,TSX Venture,ATC ,0.22CDN,"510 W Hastings St, Vancouver, BC V6B 1L8",ca
Atlantic Gold Corporation,,,,"40 Wellington Row, St John, NB E2L 4S3",ca
Auramex Resource Corp,TSX Venture,AUX,0.04 CDN,"757 W Hastings St, Vancouver, BC V6C 1A1",ca
Aurania Resources Ltd.,TSX Venture,ARU,3.92 CDN ,"36 Toronto St, Toronto, ON M5C 2C5",ca
Aurora Minerals Group LLP,Sydney (ASX),ARM,0.01 AUS,"20 Kings Park Rd, West Perth, WA 6005",au
Aurum Discovery,London (AIM) ,SWG,248.40 GBX,"5 Cheapside, London, UK EC2V 6AA",gb
AURYN Mining Corp.,OTCQX,AUMC,0.17 CDN ,"San Francisco de Asís 150, Vitacura, Los Condes, Región Metropolitana",cl
Auryn Resources Inc.,TSE/NYSE,AUG,1.70 CDN,"1199 W Hastings St, Vancouver, BC V6E 3T5",ca
Avalon Advanced Materials Inc.,TSE/OTCQB,AVL/AVLNF,0.06 CDN,"130 Adelaide St W, Toronto, ON M5H 3P5",ca
Avidian Gold Corp.,TSX Venture,AVG ,0.11 CDN ,"18 King St E, Toronto, ON M5C 1C4",ca
Avino Silver & Gold Mines Ltd.,TSE/NYSE ,ASM ,0.69 CDN ,"570 Granville St, Vancouver, BC V6C 3P1",ca
Awale Resources Ltd.,TSX Venture,ARIC ,0.12 CDN ,"400 Burrard St, Vancouver, BC V6C 3A6",ca
Azimut Exploration Inc.,TSX Venture,AZM ,1.33 CDN ,"110 De La Barre St, Longueuil, QC J4K 1A3",ca
Azure Minerals Limited,Sydney (ASX),AZS,0.14 AUS,"34 Colin St, West Perth, WA 6005",au
B2Gold Corp.,TSE/NYSE,BTO/BTG ,5.33 CDN ,"595 Burrard St, Vancouver,  BC V7X 1L7",ca
Balmoral Resources Ltd.,TSE/OTCQX,BAR/BALMF,0.34 CDN ,"700 W Pender St, Vancouver, BC V6C 1G8",ca
Banyan Gold Corp.,TSX Venture,BYN ,0.07CDN ,"1050 W Pender St, Vancouver, BC V6E 3S7",ca
Barrian Mining Corp,TSX Venture/OTCQB/FSE,BARI/BARRF/BM5,0.13 CDN ,"815 Hornby St, Vancouver, BC V6Z 2E6",ca
Barrick Gold Corporation,TSE/NYSE,ABX/GOLD,23.60 CDN,"161 Bay St, Toronto, ON M5J 2S1",ca
BeMetals Corp.,TSX Venture,BMET,0.22 CDN,"595 Burrard St, Vancouver, BC V7X 1J1",ca
Benton Resources Inc.,TSX Venture,BEX,0.05 CDN,"684 Squier St Thunder Bay, ON P7B 4A8",ca
BHP,London (AIM) ,BHP,1.851.60 GBX,"171 Collins St, Melbourne, VIC 3000",au
BlackRock Gold Corp.,TSX Venture/OTC/FSE,BRC/BKRRF/AHZ,0.16 CDN,"409 Granville St, Vancouver, BC V6C 1T2",ca
Blackstone Minerals Ltd,Sydney (ASX),BSX,0.17 AUS,"24 Outram St, West Perth, WA, 6005",au
Blind Creek Resources Ltd.,TSX Venture,BCK ,0.04 CDN,"750 W Pender St, Vancouver, BC V6C 2T7",ca
Blue Star Gold Corp.,TSX Venture,BAU ,0.05 CDN,"595 Howe St, Vancouver, BC V6C 2T5",ca
Blue Thunder Mining Corp,Amalgamation and TSX-V listing are in progress and expected to close by the end of January 2020,,,"105 King St E, Toronto, ON M5C 1G6",ca
BONTERRA Resources Inc.,TSX Venture/OTCMKTS,BRT/BONFX,1.72 CDN,"1055 W Georgia St, Vancouver, BC VE6 4N7",ca
Braveheart Resources Inc.,TSX Venture/OTCQB,BHT/RIINF,0.13 CDN,"2520 16 St NW, Calgary, AB T2M 3R2",ca
Breaker Resources NL,Sydney (ASX),BRB ,0.28 CDN,"12 Walker Ave, West Perth, WA 6005",au
Brixton Metals Corporation,TSX Venture,BBB,0.17 CDN,"409 Granville St, Vancouver, BC V6C 1T2",ca
BTU Metals Corp.,,,,,
Buchans Resources Ltd.,,,,"55 University Ave, Toronto, ON M5J 2H7",ca
BWR Exploration Inc.,TSX Venture,BWR,0.05 CDN,"82 Richmond St E, Toronto, ON M5C 1P1",ca
Cabral Gold Ltd.,TSX Venture,CBGZF,0.10 CDN,"409 Granville St, Vancouver, BC V6C 1T2",ca
Callinex Mines Inc.,TSX Venture/OTCQB,CNX/CLLXF,0.81 CDN,"555 W Hastings St, Vancouver, BC V6B 4N6",ca
Canada Nickel Company,,,,"120 Adelaide St W, Toronto, ON M5H 1T1",ca
Canadian Securities Exchange,,,,"100 King St W, Toronto, ON M5X 1E1",ca
CanAlaska Uranium Ltd.,TSX Venture/OTC/FWB,CVV/CVVUF/DH7N,0.22 CDN,"625 Howe St, Vancouver, BC V6C 2T6",ca
Canarc Resource Corp.,TSE/OTCQB/Frankfurt,CCM/CRCUF/CAN,0.06 CDN,"625 Howe St, Vancouver, BC V6C 2T6",ca
Candente Copper Corp.,TSE,DNT ,0.04 CDN,"1111 Melville St, Vancouver, BC V6E 3V6",ca
Cantex Mine Development Corp,,,,,
Cardinal Resources Ltd.,TSE/Sydney (ASX),CDV,0.36 CDN,"28 Ord St, West Perth, WA 6005",au
Carube Copper Corp.,TSX-Venture ,CUC,0.06 CDN,"133 Richmond St W, Toronto, ON M5H 2L3",ca
Centaurus Metals Ltd,Sydney (ASX),CTM,0.01 AUS,"10 Outram St, West Perth WA 6005",au
Centerra Gold Inc.,TSE ,CG,9.40 CDN ,"1 University Ave, Toronto, ON M5J 2P1",ca
Century Global Commodities Corporation,TSX-Venture ,CNT,0.09 CDN ,"200 University Ave, Toronto, ON M5H 3C6",ca
Cerro de Pasco Resources Inc.,CSE,CDPR,0.49 CDN,"22 Avenue Lafleur, Saint-Sauveur, Quebec J0R 1R0",ca
Chakana Copper Corporation,TSX-Venture /OTCQB/FRA,PERU/CHKK/1ZX,0.18 CDN,"800 W Pender St, Vancouver, BC V6C 2V6",ca
Chesapeake Gold Corporation,TSX-Venture ,CKG,3.05 CDN,"1512 Yew St, Vancouver, BC V6K 3E4",ca
China Gold International Resources Corp. Ltd.,TSE,CGG,1.15 CDN,"505 Burrard St, Vancouver, BC V7X 1M4",ca
Clean Air Metals Inc,TSX-Venture ,RUA:H,0.13CDN (Presently Regency Gold Corp),"1004 Alloy Dr, Thunder Bay, ON P7B 6V1",ca
Columbus Gold Corp.,TSE/OTCQB,CGT/CGTFF,0.17 CDN,"1090 Hamilton St, Vancouver, BC V6B 2R9",ca
Commander Resources Ltd.,TSX-Venture ,CMD,0.07 CDN,"1111 Melville St, Vancouver, BC V6E 3V6",ca
Commerce Resources Corp.,TSX-Venture/FSE/OTCQX,CCE/D7H/CMRZF,0.30 CDN,"789 W Pender St, Vancouver, BC V6C 1H2",ca
Condor Gold Plc,TSE,COG ,0.40 CDN,"7/8 Innovation Place, Douglas Dr, Godalming, UK GU7 1JX",gb
Conroy Gold and Natural Resources plc,London (AIM) ,CGNR,8.72 GBX,"3300 Lake Dr, Dublin D24 TD21",ie
Constantine Metal Resources Ltd.,TSX-Venture/OTCQX,CEM/CNSNF,0.23 CDN,"800 W Pender St, Vancouver, BC V6C 2V6",ca
Consulting & Mining Sevices SRL,,,,"Jiron Tinajones 177, Santiago de Surco 15038",pe
Continental Gold Inc.,TSE ,CNL,5.46 CDN,"155 Wellington St W, Toronto, ON M5V 3H1",ca
Copper Fox Metals Inc.,TSX-Venture ,CUU,0.09 CDN,"340 12th Ave SW, Calgary, AB T2R 1L5",ca
Copper Mountain Mining Corporation,TSE/Sydney (ASX),CMMC/C6C,0.79 CDN,"700 W Pender St, Vancouver, BC V6C 1G8",ca
Copperzone Resources Limited,Privately Held,,,"55 Metcalfe St, Ottawa, ON K1P 6L5",ca
Cornerstone Capital Resources Inc.,TSX-Venture/OTCQX/Frankfurt,CGP/CTNXF/GWN,3.49 CDN,"1730 St Laurent Blvd, Ottawa, ON K1G 3Y7",ca
Corvus Gold Inc.,TSE/OTCQX,KOR/CORVF,1.95 CDN,"700 W Pender St, Vancouver, BC V6C 1G8",ca
Critical Elements Corporation,TSX-Venture/OTCMKTS,CRE/CRECF,0.38 CDN,"1080 Côte du Beaver Hall, Montreal, QC H2Z 1S8",ca
Crystal Lake Mining,TSX-Venture/OTCQX/FSE,CLM/SIOCF/SPG-FF,0.15 CDN,"13236 Cliffstone Ct, Lake Country, BC V4V 2R1",ca
CVK Mining Group,,,,"İnönü Cad. No:8, Gümüşsuyu 34437 Beyoğlu İstanbul",tr
Defiance Silver Corp.,TSX-Venture/OTCQX,DEF/DNCVF,0.22 CDN,"595 Howe St, Vancouver, BC V6C 2T5",ca
Delta Resources Limited,TSX-Venture ,DLTA ,0.18 CDN,"1718 Christine Crescent, Kingston, ON K7L 4V4",ca
Denison Mines Corp.,TSE/NYSE,DML/DNN,0.50 CDN,"40 University Ave, Toronto, ON M5J 1T1",ca
Desert Gold Ventures Inc.,TSX-Venture ,DAU ,0.14 CDN,"4770 72nd St, Delta, BC V4K 3N3",ca
Desert Mountain Energy Corp.,TSX-Venture/OTCQX/Frankfurt,DME/DMEHF/QM01.F,0.23 CDN,"580 Hornby St, Vancouver, BC V6C 3B6",ca
Diamcor Mining Inc.,TSX-Venture/OTCQX,DMI/DMIFF,0.17 CDN,"1620 Dickson Ave, Kelowna, BC V1Y 9Y2",ca
Discovery Group,Revenue Neutral ,Revenue Neutral ,Revenue Neutral ,,
Dundee Precious Metals Inc.,TSE ,DPM ,6.26 CDN,"1 Adelaide St, Toronto, ON M5C 2V9",ca
Durango Resources Inc.,,,,,
Dynacor Gold Mines Inc.,TSE/OTCQX,DNG/DNGDF,1.72 CDN,"625 René-Lévesque Blvd O, Montreal, QC H3B 1R2",ca
Dynasty Gold Corp.,TSX-Venture ,DYG,0.07 CDN,"610 Granville St, Vancouver, BC V6C 3T3",ca
Eagle Plains Resources Ltd.,TSX-Venture ,EPL,0.10 CDN,"44 12th Ave S, Cranbrook, BC V1C 2R7",ca
Earthmetrix Inc.,,,,"6661 Rue des Écores, Montréal, QC H2G 2J8",ca
Eastfield Resources Ltd.,TSX-Venture/OTCQX,ETF/ETFLF,0.04 CDN,"325 Howe St, Vancouver, BC V6C 1Z7",ca
Eclipse Gold Mining Corp,,,,"400 Burrard St, Vancouver, BC V6C 3A6",ca
"EDM-Empresa de Desenvolvimento Mineiro, SA",,,,"R. Sampaio e Pina 1, 1070-050 Lisboa",pt
Eldorado Gold Corporation,TSE/NYSE,ELD/EGO,9.63 CDN,"550 Burrard St, Vancouver, BC V6C 3A8",ca
Elim Mining Incorporated,,,,,
Ely Gold Royalties Inc.,TSX-Venture/OTCQX,ELY/ELYGF,0.48 CDN,"595 Burrard St, Vancouver BC V7X 1K8",ca
EMX Royalty Corp.,TSX-Venture/NYSE,EMX,2.45 CDN,"543 Granville St, Vancouver, BC V6C 1X8",ca
Endurance Gold Corp,TSX-Venture,EDG,0.05 CDN,"800 W Pender St, Vancouver, BC V6C 2V6",ca
Energold Corp.,TSX-Venture/OTCQX,EGD/EGDFF,0.00 CDN,"543 Granville St, Vancouver, BC V6C 1X8",ca
Energy Fuels Inc.,TSE,EFR,2.16 CDN,"82 Richmond St E, Toronto, ON M5C 1P1",ca
Engineer Gold Mines Ltd,TSX-Venture,EAU ,007 CDN,"750 W Pender St, Vancouver, BC V6C 2T7",ca
Entrée Resources Ltd.,TSE/OTCQX,ETG/ERLFF,0.39 CDN,"1066 W Hastings St, Vancouver, BC V6E 3X1",ca
EnviroLeach Technologies Inc.,CSE/OTCQX/FSE,ETI/EVLLF/7N2,1.20 CDN,"8331 Eastlake Dr, Burnaby, BC V5A 4W2",ca
Equus Mining Limited,Sydney (ASX),EQE,0.02 AUS,"66 Hunter St, Sydney, NSW 2000",au
Erdene Resource Development Corp.,TSE/MSE,ERD/ERDN,0.23 CDN,"99 Wyse Rd, Dartmouth, NS B3A 4S5",ca
Ero Copper Corp.,TSE,ERO,18.80 CDN,"625 Howe St, Vancouver, BC V6C 2T6",ca
Eros Resources Corp.,TSX-Venture ,ERC,0.10 CDN,"789 W Pender St, Vancouver, BC V6C 1H2",ca
E-Tech Metals,private,,,"Bristol, UK BS34 9GT",gb
Evergold Corp,TSX-Venture,EVER,0.34 CDN,"18 King St E, Toronto, ON M5C 1C4",ca
Evrim Resources Corp.,TSX-Venture,EVM ,0.32 CDN,"850 W Hastings St, Vancouver, BC V6C 1E1",ca
Excelsior Mining Corp.,TSE/OTCQX,MIN/EXMGF,1.13 CDN,"2999 North 44th St, Phoenix, AZ 85018",us
Exiro Minerals Corp.,,,,"25 Adelaide St E, Toronto, ON M5C 3A1",ca
Fiore Gold,,,,,
FireFox Gold Corp.,TSX-Venture/ FSE,FFOX/A2PDU7,0.08 CDN,"1021 W Hastings St, Vancouver, BC V6E 0C3",ca
First Majestic Silver Corp.,TSE/NYSE/Frankfurt,FR/AG/FMV,13.80 CDN,"925 W Georgia St, Vancouver, BC V6C3L2",ca
First Mining Gold Corp.,TSE/OTCQX,FF/FFMGF,0.24 CDN,"1188 W Georgia St, Vancouver, BC V6E 4A2",ca
Fission Uranium Corp.,TSE/OTCQX/FSE,FCU/FCUUF/2FU,0.28 CDN,"1620 Dickson Ave, Kelowna, BC V1Y 9Y2",ca
Five Star Diamond Limited,TSX-Venture,STAR,0.04 CDN,"90 Adelaide St W, Toronto, ON M5H 3V9",ca
Focus Graphite Inc.,TSX-Venture,FMS,0.02 CDN,"945 Princess St, Kingston, ON K7L OE9",ca
Fomicruz S.E.,,,,"Alberdi 643, Rio Gallegos, Santa Cruz",ar
Foran Mining Corporation,TSX-Venture,FOM,0.26 CDN,"409 Granville St, Vancouver, BC V6C 1T2",ca
Fortune Minerals Limited,TSX-Venture,FT,0.08 CDN,"148 Fullarton St, London, ON N6A 5P3",ca
Forum Energy Metals Corp.,TSX-Venture,FMC,0.10 CDN,"800 W Pender St, Vancouver, BC V6C 2V6",ca
FPX Nickel Corp.,TSX-Venture,FPX,0.16 CDN,"1155 W Pender St, Vancouver, BC V6E 2P4",ca
Frontier Lithium Inc.,TSX-Venture,FL,0.25 CDN,"2736 Belisle Dr, Val Caron, ON P3N 1B3",ca
Galleon Gold Corp.,TSX-Venture,GGO,0.08 CDN,"161 Bay St, Toronto, ON M5J 2S1",ca
Galway Metals Inc.,TSX-Venture,GWM ,0.30 CDN,"82 Richmond St E, Toronto, ON M5C 1P1",ca
Garibaldi Resources Corp,TSX-Venture/OTCQX/Frankfurt ,GGI/GGIFF/RQM,0.71 CDN,"409 Granville St, Vancouver, BC V6C 1T2",ca
Gatling Exploration Inc.,TSX-Venture/OTCQX/Frankfurt ,GTR/GATGF,0.47 CDN,"200 Burrard St, Vancouver BC V6C 3L6",ca
Generation Mining Limited,CSE,GENM ,0.66 CDN,"100 King St, Toronto, ON M5X 1B1",ca
Genesis Metals,TSX-Venture/OTCQX/Frankfurt ,GIS/GGISF,0.40 CDN,"800 W Pender St, Vancouver, BC V6C 2V6",ca
Geomega Resources Inc.,TSE,GMA,0.17 CDN,"75 Boulevard de Mortagne, Boucherville, QC J4B 6Y4",ca
Geophysx Jamaica Ltd,,,,"85 Hope Road, Kingston, Jamaica",jm
GFG Resources Inc.,TSX-Venture ,GFG,0.17 CDN,"640 Broadway Ave, Saskatoon, SK S7N 1A9",ca
Globe Trotters Resource Group Inc.,,,,"250 Howe St, Vancouver, BC V6C 3R8",ca
Globex Mining Enterprises Inc.,TSE/OTCQX/Frankfurt,GMX/GLBXF/G1MN,0.35 CDN,"86 14th St, Rouyn-Noranda, QC J9X 2J1",ca
Globmine LLP,,,,,
GMV Minerals Inc.,TSX-Venture ,GMV ,0.16 CDN,"1090 West Georgia St, Vancouver, BC V6E 3V7",ca
Go Metals Corp.,CSE,GOCO,0.05 CDN,"1111 Melville St, Vancouver, BC V6E 3V6",ca
Gold Group Management Inc.,multiple,multiple,multiple,"200 Burrard St, Vancouver BC V6C 3L6",ca
Gold Springs Resource Corp.,TSX-Venture ,GRC,0.12 CDN,"580 Hornby St, Vancouver, BC V6C 3B6",ca
Gold Terra Resource Corp.,,,,,
Golden Arrow Resources,TSX-Venture ,GRG ,0.16 CDN,"837 W Hastings St, Vancouver, BC V6C 3N6",ca
Golden Goliath Resources Ltd.,TSX-Venture ,GNG ,0.07 CDN,"688 W Hastings St, Vancouver, BC V6B 1P1",ca
Golden Minerals Company,TSE/NYSE,AUMN,0.34 CDN,"350 Indiana St, Golden, CO 80401",us
Golden Predator Mining Corp.,TSX-Venture ,GPY,0.29 CDN,"200 Burrard St, Vancouver, BC V6C 3L6",ca
Golden Star Resources Limited,TSE/NYSE,GSC/GSS,3.90 CDN,"150 King St W, Toronto, ON M5H 1J9",ca
GoldMining Inc.,TSE/SPOT/OTCQX,GOLD/GOLD/GLDLF,1.54 CDN,"1030 W Georgia St, Vancouver, BC V6E 2Y3",ca
Goldmoney Inc.,TSE/NASDAQ,XAU/XAUMF,1.85 CDN,"38 Avenue Rd Toronto, ON M5R 2G2",ca
GoldQuest Mining Corp.,TSX-Venture ,GQC,0.14 CDN,"133 Richmond St W, Toronto, ON M5H 2L3",ca
Goldsource Mines Inc.,TSX-Venture ,GXS ,0.08 CDN,"570 Granville St, Vancouver, BC V6C 3P1",ca
Goldspot Discoveries Inc.,TSX-Venture ,SPOT,0.20 CDN,"69 Yonge St, Toronto, ON M5E 1K3",ca
Gossan Resources Limited,TSX-Venture/Frankfurt-Freiverkehr & Xetra Exchanges,GSS/GSR,0.06 CDN,"171 Donald St, Winnipeg, MB R3C 1M4",ca
Gowest Gold Ltd.,TSX-Venture ,GWA ,0.22 CDN,"80 Richmond St W, Toronto, ON M5H 2A4",ca
GR Sliver Mining Ltd.,TSE/OTCQX,GRSL/GRSLF,0.23 CDN,"999 W Hastings St, Vancouver, BC V6C 2W2",ca
Gran Colombia Gold Corp.,TSE/OTCQX,GCM/TPRFF,5.54 CDN,"401 Bay St, Toronto, ON M5H 2Y4",ca
Greg Exploration Inc.,,,,"345 Chemin Castors Rouyn-Noranda, QC J9Y 0E7",ca
Grid Metals Corp.,TSX-Venture ,GRDM ,0.15 CDN,"3335 Yonge St, Toronto, ON M4N 2M1",ca
Grizzly Discoveries Inc.,TSX-Venture/OTCQB/FWB,GZD/GZDIF/G6H,0.03 CDN,"170 St NW, Edmonton, AB T5T 5L4",ca
GT Gold Corp.,TSX-Venture ,GTT ,1.45 CDN,"666 Burrard St, Vancouver, BC V6C 3P6",ca
Hammer Metals Ltd,Sydney (ASX),HMX,0.02 AUS,"827 Beaufort St, Mount Lawley, WA 6052",au
Happy Creek Minerals Ltd.,TSX-Venture ,HPY ,0.08 CDN,"789 W Pender St, Vancouver, BC V6C 1H2",ca
Harfang Exploration Inc.,TSX-Venture ,HAR,0.25 CDN,"1100 Avenue des Canadiens-de-Montréal, Montréal, QC H3B 2S2",ca
Harte Gold Corp.,TSE/OTCQX/Frankfurt,HRT/HRTFF/H4O,0.15 CDN,"161 Bay St, Toronto, ON M5J2S1",ca
Hecla Mining Company,NYSE,HL,3.06 USD,"800 W Pender St, Vancouver, BC V6C 2V6",ca
High Power Exploration,(See partner companies) ,,,"999 Canada Place, Vancouver, BC V6C 3E1",ca
HighGold Mining Inc,TSX-Venture/OTCQB,HIGH/HGGOF,1.13 CDN,"800 W Pender St, Vancouver, BC V6C 2V6",ca
HPQ Silicon Resources,TSX-Venture ,HPQ,0.08 CDN,"3000 Rue Omer Lavallée, Montréal, QC H1Y 3R8",ca
Hudson Resources Inc.,TSX-Venture/OTCQB,HUD/HUDRF,0.21 CDN,"1639 W 2nd Ave, Vancouver, BC V6J 1H3",ca
IAMGOLD Corporation,TSE/NYSE,IMG/IAG,3.98  CDN,"401 Bay St, Toronto, ON M5H 2Y4",ca
Impact Silver Corp.,TSX-Venture/Frankfurt,IPT/IKL,0.43 CDN,"543 Granville St, Vancouver, BC V6C 1X8",ca
Inca One Gold Corp.,TSX-Venture ,IO,0.18 CDN,"1140 W Pender, Vancouver, BC V6E 4G1",ca
Independence Gold Corp.,TSX-Venture ,IGO ,0.06 CDN,"625 Howe St, Vancouver, BC, V6C 2T6",ca
Integra Resources Corp.,TSX-Venture/OTCQX ,ITR/IRRZF,1.32 CDN,"400 Burrard St, Vancouver, BC V6C 3A6",ca
International Millennium Mining Corp.,TSX-Venture ,IMI,0.03 CDN,"20 Sixth St, New Westminster, BC V3L 2Y8",ca
ioneer,Sydney (ASX),INR,0.18 AUS,"140 Arthur St, North Sydney, NSW 2060",au
IsoEnergy Ltd.,TSX-Venture/OTCQX ,ISO/ISENF,0.38 CDN,"1055 W Hastings St, Vancouver, BC V6E 2E9",ca
Ivanhoe Mines,TSE/OTCQX,IVN/IVPAF,3.42 CDN,"999 Canada Place Vancouver, BC V6C3E1",ca
Jaguar Mining Inc.,TSE/OTCQX,JAG/JAGEF,0.22 CDN,"100 King St W, Toronto, ON M5X 1C9",ca
Jamaica Stock Exchange,,,,"40 Harbour St, Kingston",jm
Jameson Resources Limited,Sydney (ASX),JAL ,0.19 CDN,"62 Ord St, West Perth WA 6005",au
Japan Gold Corp.,TSX-Venture/OTCQX ,JG/JGLDF,0.27 CDN,"669 Howe St, Vancouver, BC V6C 0B4",ca
K92 Mining Inc.,TSX-Venture ,KNT,3.85 CDN,"1090 W Georgia St, Vancouver, BC V6E 3V7",ca
Kalo Exploration Ltd,Private ,,,"Silas Ramjan St, Labasa",fj
Keras Resources plc,London (AIM) ,KRS,0.17 GBX,"27/28 Eastcastle St, London, UK W1W 8DH",gb
Kerr Mines Inc.,TSE/OTCQX,KER/KERMF,0.15 CDN,"18 King St, Toronto, ON M5C 1C4",ca
Kesselrun Resources Ltd.,TSX-Venture ,KES,0.05 CDN,"278 Bay St, Thunder Bay, ON P7B 1R8",ca
Kingsgate Consolidated Limited,Sydney (ASX),KCN,0.56 AUS ,"20 Bond St, Sydney, NSW 2000",au
Kinross Gold Corporation,TSE/NYSE,K/KCG,6.71 CDN,"25 York St, Toronto, ON M5J 2V5",ca
Kirkland Lake Gold Ltd.,TSE/NYSE/Sydney(ASX) ,KL/KLA ,54.27 CDN,"200 Bay St, Toronto, ON M5J 2J1",ca
Klondike Silver Corp.,TSX-Venture/FSE,KS/K1SN,0.04 CDN,"750 W Pender St, Vancouver, BC V6C 2T7",ca
Kootenay Silver Inc.,,,,,
Kopy Goldfields AB,FRA,0KR,0.10 Euros,"Skeppargatan 27, 114 52 Stockholm",se
Kutcho Copper Corp.,TSX-Venture/OTCQX ,KC/KCCFF,0.20 CDN,"1030 W Georgia St, Vancouver, BC V6E 2Y3",ca
Lara Exploration Ltd.,TSX-Venture,LRA,0.59 CDN,"543 Granville St, Vancouver, BC V6C 1X8",ca
Largo Resources Ltd.,TSE/OTCQX,LSO/LGORF,1.05 CDN,"55 University Ave, Toronto, ON M5J 2H7",ca
Latin Metals Inc.,TSX-Venture,LMS,0.12 CDN,"1177 W Hastings St, Vancouver, BC V6E 2K3",ca
Laurion Mineral Exploration Inc.,TSX-Venture/OTCPINK,LME/LMEFF,0.17 CDN,"40 King St W, Toronto, ON M5H 3S1",ca
Leading Edge Materials Corp.,TSX-Venture/OTCQB/NASDAQ First North,LEM/LEMIF/LEMSE,0.10 CDN,"1090 W Georgia St, Vancouver, BC V6E 3V7",ca
Leagold Mining Corporation,TSE,LMC ,3.59 CDN,"595 Burrard St, Vancouver, BC V7X 1J1",ca
Lepidico Ltd.,Sydney (ASX),LPD ,0.01 AUS,"55 University Ave, Toronto, ON M5J 2H7",ca
Libero Copper,TSX-Venture ,LBC,0.07 CDN,"1111 W Hastings St, Vancouver, BC V6E 2J3",ca
Liberty Gold Corp.,TSE/OTCQX,LGD/LGDTF,1.21 CDN,"1055 W Hastings St, Vancouver, BC V6E 2E9",ca
Lion One Metals,TSX-Venture/OTCQX/Sydney ASX,LIO/LOMLF/LLO,1.65 CDN,"267 W Esplanade, North Vancouver, BC V7M 1A5",ca
Lomiko Metals Inc.,TSX-Venture/OTCQX,LMR/LMRMF,0.04 CDN,"7184 120th St, Surrey, BC V3W 0M6",ca
Longland Resources Ltd,,,,"12 Old Mills Industrial Estate, Paulton, Bristol, England, BS39 7SU",gb
"Lumina Group, The",TSX-Venture/OTCQX,LUM/LMGDF,0.07 CDN,"625 Howe St, Vancouver, BC V6C 2T6",ca
Lundin Group,,,,"885 W Georgia St, Vancouver, BC V6C 3E8",ca
Mako Mining Corp.,TSX-Venture/OTCQX,MKO/MAKOF,0.39 CDN,"595 Burrard St, Vancouver, BC V7X 1K8",ca
MANAGEM Group,CSE ,MNG,"851,50 MAD","Boulevard Al Massira Al Khadra, Casablanca 20100",ma
Mandalay Resources Corp.,TSE ,MND,1.00 CDN,"76 Richmond St E, Toronto, ON M5C 1P1",ca
Manex Resource Group Inc.,,,,"1199 W Hastings St, Vancouver, BC V6E 3T5",ca
Manganese X Energy Corp.,TSX-Venture/FWBF,MN/9SC2,0.10 CDN,"145 Rue Graveline, Saint-Laurent QC H4T 1R3",ca
Manitou Gold Inc.,TSX-Venture,MTU,0.06 CDN,"82 Richmond St E, Toronto, ON M5C 1P1",ca
Marathon Gold Corporation,TSE/OTCQX,MOZ/MGDPF,1.56 CDN,"10 King St E, Toronto, ON M5C 1C3",ca
Market Making Services Inc.,,,,,
Mawson Resources Limited,TSE/FSE/PK,MAW/MXR/MWSNF,0.28 CDN,"1090 W Georgia St, Vancouver, BC V6E 3V7",ca
Maya Gold & Silver Inc.,TSE ,MYA,1.80 CDN,"1250 René Lévesque, Montreal, QC H3B 4W8 ",ca
McEwen Mining Inc.,TSE ,MUX,1.46 CDN,"150 King St W, Toronto, ON M5H 1J9",ca
MegumaGold,CNSX/OTCMKTS/FWB,NSAU/NSAUF/2CM2,0.15 CDN,"1550 Bedford Hwy, Bedford, NS B4A 1E6",ca
Meridian Credit Union,,,,,
Metallic Group of Companies,See companies ,,,"409 Granville St, Vancouver, BC V6C 1T2",ca
Metals Creek Resources Corp.,TSX-Venture,MEK,0.06 CDN,"945 Cobalt Crescent, Thunder Bay, ON P7B 5Z4",ca
Metals Group Inc.,See companies ,,,"Edmonton, AB",ca
Midas Gold Corp.,TSE,MAX,0.57 CDN,"999 W Hastings St, Vancouver, BC V6C 2W2",ca
Midland Exploration Inc.,TSX-Venture,MD ,0.80 CDN,"1 Place Ville Marie, Montréal, QC H3B 4M4",ca
Millennial Lithium Corp.,TSX-Venture/OTCQB/Frankfurt,ML/MLNLF/A3N2,1.48 CDN,"1177 W Hastings St, Vancouver, BC V6E 2K3",ca
Minaurum Gold Inc.,TSX-Venture/OTCQX/Frankfurt ,MGG/MMRGF/78M,0.47 CDN,"1177 W Hastings St, Vancouver, BC V6E 2K3",ca
Minera Alamos Inc.,TSX-Venture,MAI,0.27 CDN,"55 York St, Toronto, ON M5J 1R7",ca
Minera Tres Valles,TSE (Sprott),SRHI  ,0.69 CDN,"Avenida Apoquindo 4775, Las Condes, Región Metropolitana",cl
Mineral Mountain Resources Ltd.,TSX-Venture,MMV,0.37 CDN,"1195 W Broadway, Vancouver, BC V6H 3X5",ca
Mira Stone Ltd,,,,Istanbul,tr
Mirasol Resources Ltd.,TSX-Venture,MRZ ,0.50 CDN,"355 Burrard St, Vancouver BC V6C 2G8",ca
Mississauga Mining,,,,Douala,cm
Mkango Resources,TSX-Venture/London,MKA,0.12 CDN,"550 Burrard St, Vancouver, BC V6C 0A3",ca
Monarques Gold Corporation,TSX-Venture/RF,MQR,0.18 CDN,"68 Ave de la Gare, Saint-Sauveur, QC J0R 1R0",ca
Moneta Porcupine Mines Inc.,TSE,ME,0.12 CDN,"65 3rd Ave Timmins, ON P4N 1C2",ca
Montero Mining & Exploration Ltd.,TSX-Venture,MON,0.02 CDN,"1040 W Georgia St, Vancouver, BC V6E 4H3",ca
Monument Mining Limited,TSX-Venture/FSE,MMY/D7Q1,0.04 CDN,"1100 Melville St, Vancouver, BC V6E 4A6",ca
"Morefield Gem Mine, Inc.",,,,"13400 Butlers Rd, Amelia Court House, VA 23002",us
Morien Resources Corp.,TSX-Venture,MOX,0.61 CDN,"1701 Hollis St, Halifax, NS B3J 3M8",ca
Morocota Gold SAS,https://www.emis.com/php/company-profile/CO/Morocota_Gold_SAS_en_3522586.html,,,"Carrera 30 #10 Medellín, Antioquia",co
Moydow Resources Limited,,,,"20 Toronto St, Toronto, ON M5C 2B8",ca
Mundoro Capital Inc.,TSX-Venture ,MUN,0.16 CDN,"1040 W Georgia St, Vancouver, BC V6E 4H1",ca
Murchison Minerals Ltd.,TSX-Venture ,MUR ,0.13 CDN,"120 Adelaide St W, Toronto, ON M5H 1P9",ca
Neo Lithium Corp.,TSX-Venture/OTCQX/FSE,NLC/NTTHF0/NE,0.79 CDN,"401 Bay St, Toronto, ON M5H 2Y4",ca
Nevada Copper Corp.,TSE,NCU,0.31 CDN,"100 W Liberty St, Reno, NV 89501",us
Nevada Exploration Inc.,TSX-Venture/OTCQB,NGE/NVDEF  ,0.33 CDN,"885 W Georgia St, Vancouver, BC V6C 3E8",ca
New Age Metals,,,,"59 Burtch's Lane, Rockport, ON K0E 1V0",ca
New Found Gold Corp,See Parents ,,,"69 Yonge St, Toronto, ON M5E 1K3",ca
New Gold Inc.,TSE/NYSE,NGD ,1.11 CDN,"181 Bay St, Toronto, ON M5J 2T3",ca
New Pacific Metals Corp.,TSX-Venture/OTCQX,NUAG/NUPMF,5.74 CDN,"1066 W Hastings St, Vancouver, BC V6E 3X1",ca
Newcrest Mining Ltd.,Sydney (ASX),NCM ,28.99 AUS,"600 St Kilda Rd, Melbourne VIC 3004",au
Newmont Corporation,TSE/NYSE,NGT/NEM ,58.52 CDN,"6363 South Fiddler’s Green Circle, Greenwood Village, CO 80111",us
Newrange Gold Corp.,TSX-Venture/OTC,NRG/NRGOF,0.13 CDN,"580 Hornby St, Vancouver, BC V6C 3B6",ca
Nexa Resources S.A.,TSE/NYSE,NEXA,10.46 CDN,"37A Ave J-F Kennedy, 1855 Luxembourg",lu
Nicola Mining Inc.,TSX-Venture,NIM ,0.10 CDN,"355 Burrard St, Vancouver, BC V6C 2G8",ca
NioBay Metals Inc.,TSX-Venture,NBY,0.40 CDN,"1111 St Charles W, Longueuil, QC J4K 5G4",ca
Noront Resources Ltd.,TSX-Venture,NOT,0.17 CDN,"212 King St W, Toronto, ON M5H 1K5",ca
North Arrow Minerals Inc.,TSX-Venture,NAR ,0.05 CDN,"789 West Pender St, Vancouver, BC V6C 1H2",ca
Northern Dynasty Minerals Ltd.,TSE/NYSE,NDM/NAK,0.57 CDN,"1040 W Georgia St, Vancouver, BC V6E 4H1",ca
Northern Graphite Corporation,TSX-Venture,NGC,0.15 CDN,"290 Picton Ave, Ottawa, ON K1Z 8P8",ca
Northern Shield Resources Inc.,TSX-Venture,NRN,0.09 CDN,"55 Metcalfe St, Ottawa, ON K1P 6L5",ca
Northern Superior Resources Inc.,TSX-Venture,SUP,0.19 CDN,"1351 C Kelly Lake Rd, Sudbury, ON P3E 5P5",ca
Northern Vertex Mining Corp.,TSX-Venture/OTC-Nasdaq,NEE/NHVCF,0.26 CDN,"1075 W Georgia St, Vancouver BC V6E 3C9",ca
Northstar Gold Corp.,CSE,NSG ,0.30 CDN,"17 Wellington St N, New Liskeard, ON P0J 1P0",ca
NorZinc Ltd,TSE,NZC,0.08 CDN,"650 W Georgia St, Vancouver, BC V6B 4N9",ca
Nouveau Monde Graphite,TSX-Venture,NOU,0.24 CDN,"331 Rue Brassard, Saint-Michel-des-Saints,  QC, J0K 3B0",ca
Novagold Resources Inc.,TSE/NYSE,NG,11.62 CDN,"400 Burrard St, Vancouver, BC V6C 3A6",ca
OceanaGold Corporation,TSE,OGC,2.47 CDN,"357 Collins St, Melbourne VIC 3000",au
Olivut Resources Ltd.,TSX-Venture,OLV,0.05 CDN,"Hinton, AB T7V 1X8",ca
Opus One Resources Inc.,TSX-Venture,OOR ,0.05 CDN,"4710 Saint-Ambroise St, Montreal, QC H4C 2C7",ca
Orefinders Resources Inc.,TSX-Venture,ORX ,0.05 CDN,"55 University Ave, Toronto, ON M5J 2H7",ca
Orestone Mining Corp,TSX-Venture/OTC,ORS/ORSF,0.11 CDN,"325 Howe St Vancouver, BC V6C 1Z7",ca
Orezone Gold Corporation,TSX-Venture,ORE,0.44 CDN,"1111 Melville St Vancouver, BC V6E 3V6",ca
Orford Mining Corp.,TSX-Venture,ORM,0.04  CDN,"141 Adelaide St W, Toronto, ON M5H 3L5",ca
Orla Mining Ltd.,TSE,OLA ,2.43 CDN,"595 Howe St, Vancouver, BC V6C 2T5",ca
Oro Verde Limited,Sydney (ASX),OVL,0.008 AUS,"34 Colin St, West Perth WA 6005",au
Orsu Metals Corporation,TSX-Venture,OSU ,0.22 CDN,"Palm Grove House, Wickhams Clay Road Town, Tortola",vg
Orvana Minerals Corp.,TSE,ORV ,0.24 CDN,"70 York St, Toronto, ON M5J 1S9",ca
Osino Resources Corp.,TSX-Venture/FSE,OSI/R2R1,0.82 CDN,"789 West Pender St, Vancouver, BC V6C 1H2",ca
Osisko Gold Royalties Ltd.,TSE/NYSE,OR,12.80 CDN,"1100 Ave des Canadiens-de-Montreal, Montreal, QC H3B 2S2",ca
Osisko Metals Incorporated,TSE,OM ,0.51 CDN,"100 Ave des Canadiens-de-Montreal, Montreal, QC H3B 2S2",ca
OTC Markets Group,OTCMKTS,OTCM ,34.55 USD,"300 Vesey St, New York, NY 10282",us
Otso Gold Corp.,TSX-Venture,OTSO ,0.08 CDN,"161 Bay St, Toronto, ON M5J 2S1",ca
Pacific Empire Minerals Corp.,TSX-Venture/OTCQB,PEMC/PEMSF,0.05 CDN,"850 W Hastings St, Vancouver, BC V6C 1E1",ca
Pacific Trends Resources Pty Ltd,,,,"19-23 Clarinda Rd, Oakleigh South, VIC 3167",au
Pacton Gold Inc.,TSX-Venture/OTC,PAC/PACXF,0.10 CDN,"200 Burrard St, Vancouver, BC V6C 3L6",ca
Palamina Corp.,TSX-Venture/OTC,PA/PLMNF,0.22 CDN,"145 King St W, Toronto, ON M5H 1J8",ca
Palladium One,TSX-Venture/OTC/Frankfurt,PDM/NKORF/7N11,0.17 CDN,"800 West Pender St, Vancouver, BC V6C 2V6",ca
Pancontinental Resources Corporation,TSX-Venture,PUC,0.05 CDN,"217 Queen St W, Toronto, ON M5V 0R2",ca
Panda Mining Pty Ltd,,,,"North Fremantle, WA 6159",au
Panoro Minerals Ltd.,TSX-Venture/BVL/Borse/OTC,PML/PML/PZN/POROF,0.08 CDN,"700 West Pender St, Vancouver, BC V6C 1G8",ca
Panthera Resources Plc,London (AIM) ,PAT,5.00 GBX,"2 Duke St, Marylebone, London, UK W1U 3EH",gb
Patagonia Exploracion S.A.,,,,,
Pavey Ark Minerals Inc.,,,,,
Peel Mining Ltd.,Sydney (ASX),PEX ,0.23 AUS,"1/34 Kings Park Rd, West Perth, WA 6005",au
Pelangio Exploration Inc.,TSX-Venture,PX,0.14 CDN,"82 Richmond St E, Toronto, ON M5C 1P1",ca
Peloton Minerals Corporation,CSE/OTCQB,PMC/PMCC,0.09 CDN,"380 Wellington St, London, ON N6A 5B5",ca
Plateau Energy Metals Inc.,TSX-Venture/OTCQB,PLU/PLUUF,0.27 CDN,"141 Adelaide St W, Toronto, ON, M5H 3L5",ca
Playfair Mining Ltd.,TSX-Venture,PLY ,0.03 CDN,"470 Granville St, Vancouver, BC V6C 1V5",ca
PolyMet Mining Corp.,TSE/NYSE,POM/PLM,0.36 CDN,"100 King St W, Toronto, ON M5X 1C7",ca
Portofino Resources Inc.,TSX-Venture/FSE,POR/POT,0.04 CDN,"470 Granville St, Vancouver, BC V6C 1V5",ca
Power Ore Inc.,TSX-Venture,PORE,0.06 CDN,"55 University Ave, Toronto, ON M5J 2H7",ca
PPX Mining Corp.,,,,,
Premier Gold Mines Limited,TSE,PG,1.52 CDN,"1100 Russell St, Thunder Bay, ON P7B 5N2",ca
Privateer Gold,See: TSX TR,,,,
Probe Metals Inc.,TSX-Venture,PRB ,1.17 CDN,"56 Temperance St, Toronto, ON M5H 3V5",ca
Prolific Mining Corp.,,,,,
Prophecy Development Corp.,TSE/OTC/Frankfurt,PCY/PRPCF/1P2N,0.26 CDN,"409 Granville St, Vancouver BC V6C 1T2",ca
Pucara Resources,"According to Mr. Zuker, Pucara plans to go public in Toronto on the TSX, and they have some pretty significant shareholders, like Resource Capital Funds, Sandstorm Gold Ltd, and Alamos Gold Inc http://www.metalsnews.com/Metals+News/MetalsNews/Allen+Alper+Jr.,+President,+Metals+News+Inc./FEATURED1265635/Interview+with+Steve+Zuker+President++CEO+of+Pucara+Resources+MultiMillionOunce+Gold+Targets+in+Peru.htm",,,"1040 W Georgia St, Vancouver, BC V6E 4H1",ca
Pure Gold Mining,TSX-Venture,PGM ,0.77 CDN,"1055 W Hastings St, Vancouver, BC V6E 2E9",ca
Purepoint Uranium Group Inc.,TSX-Venture,PTU ,0.05 CDN,"120 Adelaide St W, Toronto, ON M5H 1T1",ca
QMX Gold Corporation,TSE/Frankfurt,QMX/OU2A,0.11 CDN,"65 Queen St W, Toronto, ON M5H 2M5",ca
Quaterra Resources Inc.,TSX-Venture/OTCQB,QTA/QTRRF,0.06 CDN,"1199 W Hastings St, Vancouver, BC V6E 3T5",ca
Radisson Mining Resources Inc.,TSX-Venture,RDS,0.19 CDN,"700 Ave Dallaire, Rouyn-Noranda, QC J9X 4V9",ca
Red Cloud Securities Inc.,,,,"105 King St E, Toronto ON M5C 1G6",ca
Red Metal Resources Ltd.,OTCMKTS,RMES,0.10 CDN,"278 Bay St, Thunder Bay, ON P7B 1R8",ca
Red Pine Exploration Inc.,TSX-Venture,RPX ,0.04 CDN,"145 Wellington St W, Toronto, ON M5J 1H8",ca
Redstar Gold Corp.,TSX-Venture/OTC,RGC/RGCTF,0.03 CDN,"409 Granville St, Vancouver, BC V6C 1T2",ca
Refinitiv,,,,"5 Canada Square, London, UK E14 5AQ",gb
Regulus Resources Inc.,TSX-Venture,REG,1.10 CDN,"1177 W Hastings St, Vancouver, BC V6E 2K3",ca
Renaissance Gold Inc.,TSX-Venture/OTCQB,REN/RNSGF,0.33 CDN,"4750 Longley Ln, Reno, NV 89502",us
Renforth Resources Inc.,CSE,RFR ,0.04 CDN,"1099 Kingston Rd, Pickering, ON L1V 1B5",ca
Resource Capital Funds,,,,"25 York St, Toronto ON MSJ 2V5",ca
Reunion Gold Corporation,TSX-Venture,RGD,0.10 CDN,"1111 St Charles St W, Longueuil, QC J4K 5G4",ca
Revelo Resources Corp.,TSX-Venture,RVL ,0.01 CDN,"543 Granville St, Vancouver, BC V6C 1X8",ca
Revival Gold Inc.,TSX-Venture/OTCQB,RVG/RVLGF,0.83 CDN,"145 King St W, Toronto, ON M5H 1J8",ca
Richardson GMP - Alexandra Horwood,,,,"145 King St W, Toronto, ON M5H 1J8",ca
Rio Tinto,Sydney (ASX),RIO,97.50 AUS,"6 St James's Square, London, UK SW1Y 4AD",gb
Riverside Resources Inc.,TSX-Venture/OTCQB,RRI/RVSDF ,0.14 CDN,"800 W Pender St, Vancouver BC V6C 2V6",ca
RJK Explorations Ltd.,TSX-Venture/OTC,RJX.A/RJKAF,0.24 CDN,"Kirkland Lake, ON, P2N 3L1",ca
RNC Minerals,TSE/OTCQX,RNX/RNKLF,0.44 CDN,"141 Adelaide St W, Toronto, ON M5H 3L5",ca
Rockcliff Metals Corporation,CSE,RCLF ,0.07 CDN,"141 Adelaide St W, Toronto, ON M5H 3L5",ca
ROKMASTER Resources Corp.,TSX-Venture/OTC:Pink/Frankfurt,RKR/RKMSF/1RR,0.08 CDN,"625 Howe St, Vancouver, BC V6C 2T6",ca
Romios Gold Resources Inc.,TSX-Venture/OTCPK/Frankfurt,RG/RMIOF/D4R,0.04 CDN,"2 Toronto St, Toronto, ON M5C 2B6",ca
Roscan Gold Corporation,TSX-Venture,ROS,0.15 CDN,"1550 Bedford Hwy, Bedford, NS B4A 1E6",ca
Roxgold Inc.,TSE/OTCQX,ROXG/ROGFF,0.95 CDN,"360 Bay St, Toronto, ON M5H 2V6",ca
Royal Canadian Mint,,,,"320 Sussex Dr, Ottawa, ON K1A 0G8",ca
Royal Road Minerals,TSX-Venture,RYR ,0.23 CDN,"4 Wharf St, St Helier, Jersey JE2 3NR",je
Rugby Mining Limited,TSX-Venture,RUG,0.12 CDN,"789 West Pender St, Vancouver, BC V6C 1H2",ca
S2 Resources Ltd.,Sydney (ASX),S2R ,0.10 AUS,"4/24 Parkland Road, Osborne Park, WA 6017",au
Sabina Gold & Silver Corp.,TSE,SBB ,1.72 CDN,"555 Burrard St, Vancouver, BC V7X 1M9",ca
Salazar Resources Limited,TSX-Venture/FSE,SRL/CCG,0.23 CDN,"1090 W Georgia St, Vancouver, BC V6E 3V7",ca
Sandstorm Gold Royalties,TSE/NYSE,SSL/SAND,9.21 CDN,"400 Burrard St, Vancouver, BC V6C 3A6",ca
Sayona Mining Limited,Sydney (ASX),SYA ,0.01 AUS,"283 Given Terrace, Paddington QLD 4064",au
ScoZinc Mining Ltd.,TSX-Venture,SZM ,0.60 CDN,"1959 Upper Water St, Halifax, NS B3J 3N2",ca
Searchlight Resources Inc.,TSX-Venture,SCLT ,0.04 CDN,"1199 West Pender St, Vancouver, BC V6E 2R1",ca
SEMAFO Inc.,TSE,SMF ,3.29 CDN,"100 Boulevard Alexis-Nihon, Saint-Laurent, QC H4M 2P3",ca
Serabi Gold plc,London (AIM)/TSE/ ,SRB/SBI,86.75 GBX,"30-32 Ludgate Hill, London, UK EC4M 7DR",gb
Serengeti Resources Inc.,TSX-Venture,SIR,0.22 CDN,"800 W Pender St, Vancouver, BC V6C 2V6",ca
Sherritt International Corporation,TSE,S,0.17 CDN,"22 Adelaide St W, Toronto, ON M5H 4E3",ca
Sidex,,,,"360 Rue Saint-Jacques, Montréal, QC H2Y 1P5",ca
Sierra Metals Inc.,TSE/NYSE,SMT/SMTS,2.00  CDN,"161 Bay St, Toronto, ON M5J 2S1",ca
Silver Bear Resources Plc.,TSE,SBR ,0.14 CDN,"45 King William St, London, UK EC4R 9AN",gb
Silver One Resources,TSX-Venture/OTC/FSE,SVE/SLVRF/BRK1,0.35 CDN,"1040 W Georgia St, Vancouver, BC V6E 4H1",ca
Silvercorp Metals Inc.,TSE/NYSE,SVM,5.50 CDN,"1066 W Hastings St, Vancouver, BC V6E 3X1",ca
SilverCrest Metals Inc.,TSE/NYSE,SIL ,8.86 CDN,"570 Granville St, Vancouver, BC V6C 3P1",ca
Sirios Resources Inc.,TSX-Venture,SOI ,0.15 CDN,"1000 St-Antoine O, Montréal, QC H3C 3R7",ca
Sitka Gold Corp,CSE/FSE,SIG/1RF,0.23 CDN,"409 Granville St, Vancouver, BC V6C 1T2",ca
Skeena Resources Ltd.,TSX-Venture/OTCQX/FRA,SKE/SKREF/RXFB,1.08 CDN,"1021 W Hastings St, Vancouver, BC V6E 0C3",ca
Skyharbour Resources Ltd.,TSX-Venture/OTCQB/Frankfurt,SYH/SYH/SYHBF/SC1P,0.17 CDN,"777 Dunsmuir St, Vancouver, BC V7Y 1K4",ca
Sokoman Minerals Corp.,TSX-Venture,SIC ,0.11 CDN,"82 Richmond St E, Toronto, ON M5C 1P1",ca
SolGold,TSE/LSE,SOLG ,0.35 CDN,"111 Eagle St, Brisbane, QLD 4000",au
Solitario Zinc Corp.,TSE/NYSE,SLR/XPL,0.42 CDN,"4251 Kipling St, Wheat Ridge, CO 80033",us
Sonoro Metals Corp.,TSX-Venture/OTCQB/FRA,SMO/SMOFF/23SP,0.14 CDN,"409 Granville St, Vancouver, BC V6C 1T2",ca
South32 Limited,Sydney (ASX),S32,2.63 AUS,"108 St Georges Terrace, Perth, WA 6000",au
SPC Metals,TSX-Venture ,"XTM (Transition Metals, Parent) ",0.18 CDN,"410 Falconbridge Road, Sudbury, ON P3A 4S4",ca
Sphinx Resources Ltd.,TSX-Venture ,SFX,0.02 CDN,"1000 De La Gauchetière O, Montreal, QC H3B 4W5",ca
Spirit Mining LLC,,,,"1104 20th Ave, Menominee, MI 49858",us
Sprott Group of Companies,TSE,SII,3.05 CDN,"200 Bay St, Toronto, ON M5J 2J1",ca
SQM,NYSE,SQM,31.05 USD,"El Trovador 4285, Las Condes, Región Metropolitana",cl
Star Diamond Corporation,TSX-Venture ,DIAM,0.45 CDN,"224 4th Ave S, Saskatoon, SK S7K 5M5",ca
Starcore International Mines Ltd.,TSE/FK,SAM/V4JA,0.12 CDN,"580 Hornby St, Vancouver, BC V6C 3B6",ca
Steppe Gold Limited,TSE/FWB,STGO/2J9,0.91 CDN,"Shangri-La, Olympic St 19A, Sukhbaatar District 1, Ulaanbaatar 14241",mn
Stratabound Minerals Corp.,TSX-Venture ,SB ,0.08 CDN,"100 King St W, Toronto, ON M5X 1C7",ca
Strategic Exploration Group,See companies ,,,"510 W Hastings St, Vancouver, BC V6B 1L8",ca
Strongbow Exploration Inc.,TSX-Venture,SBW,0.05 CDN,"625 Howe St, Vancouver, BC V6C 2T6",ca
Stuhini Exploration Ltd.,TSX-Venture ,STU ,0.30  CDN,"1245 W Broadway, Vancouver, BC V6H 1G7",ca
Sun Peak Metals,,,,"15782 Marine Dr, White Rock, BC V4B 1E6",ca
Talisker Resources,CSE,TSK,0.41 CDN,"100 King St W, Toronto, ON M5X 1A0",ca
Talmora Diamond Inc.,CSE,TAI-CN,0.02 CDN,"6 Willowood Ct, Toronto, ON M2J 2M3",ca
Talon Metals Corp.,TSE,TLO ,0.12 CDN,"Craigmuir Chambers Road Town, Tortola VG1110",vg
Teck Resources Limited,TSE,TECK.A,19.90 CDN,"550 Burrard St, Vancouver, BC V6C 0B3",ca
Tectonic Metals Inc.,TSX-Venture,TECT,0.23 CDN,"744 W Hastings St, Vancouver, BC V6C 1A5",ca
Telson Mining Corporation,TSX-Venture,TSN,0.11 CDN,"1111 Melville St, Vancouver, BC V6E 3V6",ca
Tempus Resources Limited,Sydney (ASX),TMR,0.21 AUS,"22 Mount St, Perth, WA 6000",au
Teranga Gold Corporation,TSE/OTCQX,TGZ/TGCDF,7.66 CDN,"77 King St W, Toronto, ON M5K 2A1",ca
Tethyan Resource Corp.,TSX-Venture,TETH ,0.16 CDN,"999 Canada Place, Vancouver, BC V6C 3E1",ca
Timberline Resources Corporation,TSX-Venture/OTCQB,TBR/TLRS,0.10 CDN,"101 E Lakeside Dr, Coeur d’Alene, ID 83814",us
Tinka Resources Limited,TSX-Venture,TK ,0.18 CDN,"1090 W Georgia St, Vancouver, BC V6E 3V7",ca
Toronto Stock Exchange,TMX ,X,117.10 CDN,"100 Adelaide St W, Toronto, ON M5H 1S3",ca
Transition Metals Corp.,TSX-Venture,XTM ,0.18 CDN,"410 Falconbridge Rd, Sudbury, ON P3A 4S4",ca
Treasury Metals Inc.,TSX-Venture,TML,0. 26 CDN,"130 King St W, Toronto, ON M5X 1B1",ca
Tres-Or Resources Ltd.,TSX-Venture,TRS,0.09 CDN,"1934 131 St White Rock, BC V4A 7R7",ca
Trevali Mining Corporation,TSX-Venture,TV,0.17 CDN (low for production...?),"999 West Hastings St, Vancouver, BC V6C 2W2",ca
Tri Origin Exploration Ltd.,TSX-Venture,TOE ,0.02 CDN,"125 Don Hillock Dr, Aurora, ON L4G 0H8",ca
Trilogy Metals Inc.,TSE/NYSE,TMQ,2.69 CDN,"609 Granville St, Vancouver, BC V7Y 1G5",ca
TriStar Gold Inc.,TSX-Venture/OTCQB,TSG/TSGZF,0.32 CDN,"7950 East Acoma Dr, Scottsdale, AZ 85260",us
Triumph Gold Corp.,TSX-Venture/OTC/Frankfurt ,TIG/TIGCF/8N61,0.23 CDN,"1111 Melville St, Vancouver, BC V6E 3V6",ca
Troilus Gold Corp.,TSX-Venture/OTCQB,TLG/CHXMF,0.76 CDN,"36 Lombard St, Toronto, ON M5C 2X3",ca
Tudor Gold Corp.,TSX-Venture/Frankfurt,TUD/TUC.F,0.61 CDN,"837 W Hastings St, Vancouver, BC V6C 3N6",ca
Ubique Minerals Ltd.,CSE/OTCMKTS,UBQ/GRNBF,0.05 CDN,"100 King St W, Toronto, ON M5X 1C7",ca
Ucore Rare Metals Inc.,TSX-Venture/OTCQX/FSE,UCU/UURAF/U9U ,0.20 CDN,"210 Waterfront Dr,  Bedford, NS B4A 0H3",ca
UEX Corporation,TSX-Venture,UEX ,0.12 CDN,"3530 Millar Ave, Saskatoon, SK S7P 0B6",ca
Unigold Inc.,TSX-Venture,UGD,0.20 CDN,"141 Adelaide St W, Toronto, Ontario M5H 3L5",ca
Uranium Energy Corp.,NYSE,UEC,0.89 USD,"500 N Shoreline Blvd, Corpus Christi, TX 78401",us
Ur-Energy Inc.,TSE/NYSE,URE/URG,0.71 CDN,"10758 W Centennial Road, Littleton, CO 80127",us
Vale Canada Limited,NYSE,VALE ,12.10 USD,"Praia de Botafogo, 186 - Botafogo, Rio de Janeiro, 22250-040",br
Valoriza Mineria SL,See Sycre?,/,/,"Avenida del Partenón, 16-18, 28042 Madrid",es
Vanadium One Iron Corp.,,,,"110 Yonge St, Toronto, ON M5C 1T4",ca
VanadiumCorp Resource Inc.,TSX-Venture,VRB ,0.05 CDN,"1505 W 2nd, Vancouver, BC V6H 3Y4",ca
Velocity Minerals Ltd.,TSX-Venture,VLC ,0.44 CDN,"1177 W Hastings St, Vancouver, BC V6E 2K3",ca
Victory Nickel Inc.,CSE,NI ,0.03 CDN,"80 Richmond St W, Toronto, ON M5H 2A4",ca
Vior Inc.,TSX-Venture,VIO ,0.10 CDN,"1801 McGill College Ave, Montreal, QC H3A 2N4",ca
Vista Energy Resources,,,,"61 McMurray Road, Pittsburgh, PA 15241",us
Vista Gold Corp.,TSE/NYSE,VGZ,0.92 CDN,"7961 Shaffer Parkway, Littleton, CO 80127",us
Viva Gold Corp.,TSX-Venture/OTCBB/Frankfurt,VAU/VAUCF/7PB,0.23 CDN,"8047 199 St, Langley, BC V2Y 0E2",ca
Vizsla Resources Corp.,TSX-Venture,VZLA,0.69 CDN,"1030 West Georgia St, Vancouver, BC V6E 2Y3",ca
VR Resources Ltd.,TSX-Venture/OTC/Frankfurt,VRR/VRRCF/5VR,0.35 CDN,"700 West Pender St, Vancouver, BC V6C 1G8",ca
Vulcan Minerals Inc.,TSX-Venture,VUL ,0.05 CDN,"333 Duckworth St St John's, NL A1C 1G9",ca
Wallbridge Mining Company Limited,TSX-Venture,WM ,0.89 CDN,129 Fielding Road Lively ON P3Y 1L7,ca
WCPD Inc.,,,,"353 Dalhousie St, Ottawa, ON K1N 7G1",ca
Wealth Minerals Ltd.,TSX-Venture/OTCQB,WML/WMLLF,0.30 CDN,"1177 West Hastings St, Vancouver, BC V6E 2K3",ca
Wesdome Gold Mines,TSE,WDO,9.73 CDN,"220 Bay St, Toronto, ON M5J 2W4",ca
West Red Lake Gold Mines Inc.,CSE,RLG ,0.07 CDN,"82 Richmond St E, Toronto, ON  M5C 1P1",ca
Western Alaska Copper and Gold,private ,,,"3573 E Sunrise Drive, Tucson, AZ 85718",us
Western Atlas Resources Inc.,TSX-Venture,WA,0.08 CDN,"666 Burrard St, Vancouver, BC V6C 2X8",ca
Western Copper and Gold Corporation,TSE/NYSE,WRN,0.79 CDN,"1040 West Georgia St, Vancouver, BC V6E 4H",ca
Western Uranium & Vanadium Corp.,CSE/OTCQX,WUC/WSTRF,0.77 CDN,"330 Bay St, Toronto, ON M5H 2S8",ca
Westhaven Ventures Inc.,TSX-Venture,WHN ,0.70 CDN,"409 Granville St, Vancouver, BC V6C 1T2",ca
Wheaton Precious Metals Corp.,TSE/NYSE,WPM,41.65 CDN,"1021 West Hastings St Vancouver, BC V6E 0C3",ca
White Gold Corp.,TSX-Venture/OTC,WGO/WHGOF,0.87 CDN,"82 Richmond St E, Toronto, ON M5C 1P1",ca
White Rock Minerals,Sydney (ASX),WRM,0.00 AUS,"12 Anderson St, West Ballarat, Victoria 3350",au
Wildsky Resources Inc.,TSX-Venture/OTC,WSK/HWTHF,0.06 CDN,"580 Hornby St, Vancouver, BC V6C 3B6",ca
Windfall Geotek Inc.,TSX-Venture,WIN,0.09 CDN,"7005 Boulevard Taschereau, Brossard, QC J4Z 1A7",ca
Wolfden Resources Corporation,TSX-Venture,WLF ,0.14 CDN,"1100 Russell St, Thunder Bay, ON P7B 5N2",ca
Xiana Mining Inc.,TSX-Venture,XIA,0.22 CDN,"837 W Hastings St, Vancouver, BC V6C 3N6",ca
Ximen Mining Corp.,TSX-Venture/OTC/FRA,XIM/XXMMF/1XMA,0.41 CDN,"888 Dunsmuir St, Vancouver, BC V6C 3K4",ca
X-Terra Resources,TSX-Venture/Frankfurt,XTT/XTR,0.09 CDN,"139 Avenue Québec, Rouyn-Noranda, QC J9X 6M8",ca
Yamana Gold Inc.,TSE/NSYE,YRI/AUY ,5.78 CDN,"200 Bay St, Toronto, ON M5J 2J3",ca
Yorbeau Resources Inc.,TSX-Venture,YRB,0.04 CDN,"110 Boulevard Crémazie O, Montréal, QC H2P 1B9",cca
Yukon Mining Alliance,See Individual companies,,,"106 Strickland St, Whitehorse, YT Y1A 2J5",ca
Zen Graphene Solutions,TSX-Venture/OTCQB,ZEN/ZENYF,0.52 CDN,"1205 Amber Drive, Thunder Bay, ON P7B 6M4",ca
Zephyr Minerals Ltd.,TSX-Venture/OTC,ZFR/ZPHYF,0.25 CDN,"1959 Upper Water St, Halifax, NS B3J 3N2",ca
Zimtu Capital Corp.,TSX-Venture/FSE,ZC/ZCT1,0.15 CDN,"789 West Pender St, Vancouver, BC V6C 1H2",ca
Zinc One Resources Inc.,TSX-Venture/OTC/FSE, Z/ZZZOF/RH33,0.02 CDN,"1040 West Georgia St, Vancouver, BC V6E 4H1",ca
ZincX Resources Corp.,TSX-Venture,ZNX ,0.10 CDN,"1055 West Georgia St, Vancouver, BC V6E 3P3",ca