add,city,country,exchange,geometry,name,region,state,stock,symbol,website
"750 West Pender St, Vancouver, BC V6C 1G8",Vancouver,ca,TSX Venture,POINT (-123.1158865 49.284933),AbraPlata Resource Corp.,,British Columbia,0.17 CDN ,AET-X,http://www.aethonminerals.com
"1111 Melville St, Vancouver, BC V6E 3V6",Vancouver,ca,TSX Venture,POINT (-123.122136 49.286786),Adamera Minerals Corp.,,British Columbia,0.03 CDN,ADZ,http://www.adamera.com
"65 Rodney Road, Cheltenham, GL50 1HX",Cheltenham,gb,London ,POINT (-2.074691 51.898941),Adriatic Metals Plc,South West England,England,88.00 GBX,ADT1 ,http://www.adriaticmetals.com
"220 Bay St, Toronto, ON M5J 2W4",Toronto,ca,TSX Venture/OTC,POINT (-79.379954 43.647552),Adventus Mining Corporation,,Ontario,0.93 CDN ,ADZN/ADVZF,http://www.adventusmining.com
"520 Wickham St, Fortitude Valley, QLD 4006",Brisbane,au,Sydney (ASX),POINT (153.0395618 -27.4517239),Aeris Resources Limited,,Queensland,0.05 AUS,AIS,http://www.aerisresources.com.au
"409 Granville St, Vancouver, BC V6C 1T2",Vancouver,ca,TSX-Venture/OTCQB,POINT (-123.1142912 49.2853029),Aftermath Silver Ltd,,British Columbia,0.30 CDN,AAG/AAGFF,http://www.vendettaminingcorp.com
"145 King St East, Toronto, ON M5C 2Y7",Toronto,ca,TSE,POINT (-79.375944 43.649579),Agnico Eagle Mines Limited,,Ontario,76.23 CDN,AEM,http://www.agnicoeagle.com
"17618 Ave, Surrey, BC V3S 1L3",Surrey,ca,CSEX/ Frankfurt,POINT (-122.734687 49.10765),AJN Resources Inc.,,British Columbia,0.35 CDN ,AJN / 5AT,http://www.ajnresources.com
"7001 E. Belleview Ave, Denver, CO 80237",Greenwood Village,us,TSE,POINT (-104.9051306 39.6242964),Alacer Gold Corp.,,Colorado,6.33 CDN,ASR,http://www.alacergold.com
"181 Bay St, Toronto, ON M5J 2T3",Toronto,ca,TSE/NYSE,POINT (-79.3786735 43.6465062),Alamos Gold Inc.,,Ontario,7.13 CDN,AGI,http://www.alamosgold.com
"1177 West Hastings St, Vancouver, BC V6E 4T5",Vancouver,ca,TSX Venture,POINT (-123.121766 49.28876),Aldebaran Resources Inc.,,British Columbia,0.45 CDN ,ALDE,http://www.aldebaranresources.com
"555 Burrard St, Vancouver, BC V7X 1M8",Vancouver,ca,TSE/NYSE,POINT (-123.118097 49.286584),Alexco Resource Corp.,,British Columbia,2.47 CDN ,AXU,http://www.alexcoresource.com
"1333 Johnston St, Vancouver, BC V6H 3R9",Vancouver,ca,TSE/NYSE,POINT (-123.1349389 49.2718673),Almaden Minerals Ltd.,,British Columbia,0.66 CDN ,AMM/AAU ,http://www.almadenminerals.com
"409 Granville St, Vancouver, BC V6C 1T2",Vancouver,ca,TSX Venture/Frankfurt/US ,POINT (-123.1142912 49.2853029),Altamira Gold,,British Columbia,0.07 CDN ,ALTA/T6UP/EQTRF,http://www.altamiragold.com
"38 Duffy Place, St Johns, NL, A1B 4M5",St. John's,ca,TSE,POINT (-52.776632 47.559377),Altius Minerals Corp.,,Newfoundland and Labrador,11.44 CDN,ALS,http://www.altiusminerals.com
"800 West Pender St, Vancouver, BC V6C 2V6",Vancouver,ca,TSX Venture,POINT (-123.1164135 49.2853994),Alto Ventures Ltd.,,British Columbia,0.03 CDN,ATV,http://www.altoventures.com
"1199 West Pender St, Vancouver, BC V6E 2R1",Vancouver,ca,TSX Venture/Frankfurt/US ,POINT (-123.07925 49.280055),ALX Resources Corp.,,British Columbia,0.05 CDN ,AL/6LLN/ALXEF,http://www.alxresources.com
"82 Richmond St East, Toronto, ON M5C 1P1",Toronto,ca,TSX Venture,POINT (-79.3750388 43.6526534),Amarillo Gold Corp.,,Ontario,0.20 CDN ,AGC,http://www.amarillogold.com
"92 2 Ave W, Cardston, AB T0K 0K0",Town of Cardston,ca,TSX Venture,POINT (-113.3155792 49.2005905),American Creek Resources Ltd.,,Alberta,0.08 CDN ,AMK,http://www.americancreek.com
"145 King St W, Toronto, ON M5H 1J8",Toronto,ca,TSE,POINT (-79.387868 43.647262),Americas Gold and Silver,,Ontario,3.78 CDN,USA,http://www.americas-gold.com
"410 Rue Saint Nicolas, Montréal, QC H2Y 2P5",Montreal,ca,TSX Venture/FRA/OTCQX,POINT (-73.55605300000001 45.502082),Amex Exploration,,Quebec,1.46 CDN,AMX/MX0/AMXEF,http://www.amexexploration.com
"150 York St, Toronto, ON M5H 3S5",Toronto,ca,TSE/OTCQX ,POINT (-79.3845764 43.6495789),Anaconda Mining Inc.,,Ontario,0.24 CDN ,ANX/ANXGF ,http://www.anacondamining.com
Cl 108 45-30 Bogota,Suba,co,,POINT (-74.05936320000001 4.6958741),Andino Commodities S.A.S,,Bogota Capital District,,,
"20 Carlton House Terrace, St James's, London SW1Y 5AN",London,gb,London ,POINT (-0.130645 51.507148),Anglo American,,England,2.161.50 GBX,AAL ,http://www.angloamerican.com
"2 Toronto St, Toronto, ON M5C 2B6",Toronto,ca,CSE ,POINT (-79.376175 43.649696),Appia Energy Corp.,,Ontario,0.20 CDN,API,http://www.appiaenergy.ca
"141 Adelaide St W, Toronto, ON M5H 3L5",Toronto,ca,TSE/OTCQB,POINT (-79.404066 43.644554),Aquila Resources Inc.,,Ontario,0.15 CDN ,AQA/AQARF,http://www.aquilaresources.com
"1111 Melville St, Vancouver, BC V6E 3V6",Vancouver,ca,TSX Venture,POINT (-123.122136 49.286786),Arctic Star Exploration Corp.,,British Columbia,0.08 CDN,ADD,http://www.arcticstar.ca
"34 Colin St, West Perth, WA 6005",Perth,au,Sydney (ASX),POINT (115.8414839 -31.9506404),Ardiden Limited,,Western Australia,0.00 CDN ,ASX,http://www.ardiden.com.au
,,,,,Ares Strategic Mining Inc.,,,,,http://www.aresmining.com
"350 Bay St, Toronto, ON M5H 2S6",Toronto,ca,CSE/OTC/Frankfurt,POINT (-79.381325 43.650406),Argo Gold,,Ontario,0.10 CDN,ARQ/ARBTF/FSE,http://www.argogold.ca
"9600 Prototype Court, Reno, NV 89521",Reno,us,TSE,POINT (-119.7653001 39.4434084),Argonaut Gold Inc.,,Nevada,1.92 CDN ,AR,http://www.argonautgold.com
"595 Burrard St Vancouver, BC V7X 1L3",Vancouver,ca,TSX Venture,POINT (-123.11973 49.28613),Artemis Gold Inc.,,British Columbia,1.40 CDN,ARTG ,http://www.artemisgoldinc.com
"633 Courtney St, Victoria, BC V8W 1B8",Victoria,ca,,POINT (-123.366445 48.423106),Artisanal Gold Council,,British Columbia,,,http://www.artisanalgold.org
"595 Howe St, Vancouver, BC V6C 2T5",Vancouver,ca,CSE/Frankfurt ,POINT (-123.117446 49.284596),Asante Gold Corporation,,British Columbia,0.05,ASE/1A9,http://www.asantegold.com
"110 Yonge St Toronto, ON M5C 1T4",Toronto,ca,TSE/OTCQX,POINT (-79.38515700000001 43.647459),Ascendant Resources Inc.,,Ontario,0.40 CDN,ASND/ASDRF,http://www.ascendantresources.com
"505 Burrard St, Vancouver, BC V7X 1E5",Vancouver,ca,TSE/OTCQX,POINT (-123.118975 49.286563),Ascot Resources Ltd.,,British Columbia,0.76 CDN,AOT/AOTVF,http://www.ascotgold.com
"80 Richmond St, Toronto, ON M5H 2A4",Toronto,ca,TSX Venture,POINT (-79.38215599999999 43.651237),Aston Bay,,Ontario,0.06 CDN,BAY,http://www.astonbayholdings.com
"510 W Hastings St, Vancouver, BC V6B 1L8",Vancouver,ca,TSX Venture,POINT (-123.112371 49.283923),ATAC Resources Ltd.,,British Columbia,0.22CDN,ATC ,http://www.atacresources.com
"40 Wellington Row, St John, NB E2L 4S3",Saint John,ca,,POINT (-66.056124 45.27575),Atlantic Gold Corporation,,New Brunswick,,,http://www.atlanticgoldcorporation.com
"757 W Hastings St, Vancouver, BC V6C 1A1",Vancouver,ca,TSX Venture,POINT (-123.114318 49.286204),Auramex Resource Corp,,British Columbia,0.04 CDN,AUX,http://www.auramex.com
"36 Toronto St, Toronto, ON M5C 2C5",Toronto,ca,TSX Venture,POINT (-79.535526 43.590324),Aurania Resources Ltd.,,Ontario,3.92 CDN ,ARU,http://www.aurania.com
"20 Kings Park Rd, West Perth, WA 6005",Perth,au,Sydney (ASX),POINT (115.8400568 -31.9523044),Aurora Minerals Group LLP,,Western Australia,0.01 AUS,ARM,http://www.aurora.kz
"5 Cheapside, London, UK EC2V 6AA",London,gb,London (AIM) ,POINT (-0.0873892 51.6167501),Aurum Discovery,,England,248.40 GBX,SWG,http://www.aurumdiscovery.com
"San Francisco de Asís 150, Vitacura, Los Condes, Región Metropolitana",Las Condes,cl,OTCQX,POINT (-70.5913067 -33.4125813),AURYN Mining Corp.,,Santiago Metropolitan Region,0.17 CDN ,AUMC,http://www.aurynmining.com
"1199 W Hastings St, Vancouver, BC V6E 3T5",Vancouver,ca,TSE/NYSE,POINT (-123.122234 49.288927),Auryn Resources Inc.,,British Columbia,1.70 CDN,AUG,http://www.aurynresources.com
"130 Adelaide St W, Toronto, ON M5H 3P5",Spadina—Fort York,ca,TSE/OTCQB,POINT (-79.38381200000001 43.649693),Avalon Advanced Materials Inc.,,Ontario,0.06 CDN,AVL/AVLNF,http://www.avalonadvancedmaterials.com
"18 King St E, Toronto, ON M5C 1C4",Toronto,ca,TSX Venture,POINT (-79.377094 43.649535),Avidian Gold Corp.,,Ontario,0.11 CDN ,AVG ,http://www.avidiangold.com
"570 Granville St, Vancouver, BC V6C 3P1",Vancouver,ca,TSE/NYSE ,POINT (-123.115659 49.28372),Avino Silver & Gold Mines Ltd.,,British Columbia,0.69 CDN ,ASM ,http://www.avino.com
"400 Burrard St, Vancouver, BC V6C 3A6",Vancouver,ca,TSX Venture,POINT (-123.117075 49.286617),Awale Resources Ltd.,,British Columbia,0.12 CDN ,ARIC ,http://www.awaleresources.com
"110 De La Barre St, Longueuil, QC J4K 1A3",Longueuil,ca,TSX Venture,POINT (-73.522642 45.527998),Azimut Exploration Inc.,,Quebec,1.33 CDN ,AZM ,http://www.azimut-exploration.com
"34 Colin St, West Perth, WA 6005",Perth,au,Sydney (ASX),POINT (115.8414839 -31.9506404),Azure Minerals Limited,,Western Australia,0.14 AUS,AZS,http://www.azureminerals.com.au
"595 Burrard St, Vancouver,  BC V7X 1L7",Vancouver,ca,TSE/NYSE,POINT (-123.115317 49.288288),B2Gold Corp.,,British Columbia,5.33 CDN ,BTO/BTG ,http://www.b2gold.com
"700 W Pender St, Vancouver, BC V6C 1G8",Vancouver,ca,TSE/OTCQX,POINT (-123.1154498 49.2846592),Balmoral Resources Ltd.,,British Columbia,0.34 CDN ,BAR/BALMF,http://www.balmoralresources.com
"1050 W Pender St, Vancouver, BC V6E 3S7",Vancouver,ca,TSX Venture,POINT (-123.119633 49.286888),Banyan Gold Corp.,,British Columbia,0.07CDN ,BYN ,http://www.banyangold.com
"815 Hornby St, Vancouver, BC V6Z 2E6",Vancouver,ca,TSX Venture/OTCQB/FSE,POINT (-123.121755 49.282649),Barrian Mining Corp,,British Columbia,0.13 CDN ,BARI/BARRF/BM5,
"161 Bay St, Toronto, ON M5J 2S1",Toronto,ca,TSE/NYSE,POINT (-79.3787741 43.6469),Barrick Gold Corporation,,Ontario,23.60 CDN,ABX/GOLD,http://www.barrick.com
"595 Burrard St, Vancouver, BC V7X 1J1",Vancouver,ca,TSX Venture,POINT (-123.011694 49.210523),BeMetals Corp.,,British Columbia,0.22 CDN,BMET,http://www.bemetalscorp.com
"684 Squier St Thunder Bay, ON P7B 4A8",Thunder Bay,ca,TSX Venture,POINT (-89.24644000000001 48.41608),Benton Resources Inc.,,Ontario,0.05 CDN,BEX,http://www.bentonresources.ca
"171 Collins St, Melbourne, VIC 3000",,au,London (AIM) ,POINT (144.9681574 -37.815202),BHP,,Victoria,1.851.60 GBX,BHP,http://www.bhp.com
"409 Granville St, Vancouver, BC V6C 1T2",Vancouver,ca,TSX Venture/OTC/FSE,POINT (-123.1142912 49.2853029),BlackRock Gold Corp.,,British Columbia,0.16 CDN,BRC/BKRRF/AHZ,http://www.blackrockgoldcorp.com
"24 Outram St, West Perth, WA, 6005",Perth,au,Sydney (ASX),POINT (115.8390075 -31.9501833),Blackstone Minerals Ltd,,Western Australia,0.17 AUS,BSX,http://www.blackstoneminerals.com.au
"750 W Pender St, Vancouver, BC V6C 2T7",Vancouver,ca,TSX Venture,POINT (-123.115356 49.284971),Blind Creek Resources Ltd.,,British Columbia,0.04 CDN,BCK ,http://www.blindcreekresources.com
"595 Howe St, Vancouver, BC V6C 2T5",Vancouver,ca,TSX Venture,POINT (-123.117446 49.284596),Blue Star Gold Corp.,,British Columbia,0.05 CDN,BAU ,http://www.bluestargold.ca
"105 King St E, Toronto, ON M5C 1G6",Toronto,ca,Amalgamation and TSX-V listing are in progress and expected to close by the end of January 2020,POINT (-79.373383 43.649967),Blue Thunder Mining Corp,,Ontario,,,http://www.bluethundermining.com
"1055 W Georgia St, Vancouver, BC VE6 4N7",Vancouver,ca,TSX Venture/OTCMKTS,POINT (-123.1294014 49.2898009),BONTERRA Resources Inc.,,British Columbia,1.72 CDN,BRT/BONFX,http://www.btrgold.com
"2520 16 St NW, Calgary, AB T2M 3R2",Calgary,ca,TSX Venture/OTCQB,POINT (-114.099111 51.075052),Braveheart Resources Inc.,,Alberta,0.13 CDN,BHT/RIINF,http://www.braveheartresourcesinc.com
"12 Walker Ave, West Perth, WA 6005",Perth,au,Sydney (ASX),POINT (115.8367992 -31.9504028),Breaker Resources NL,,Western Australia,0.28 CDN,BRB ,http://www.breakerresources.com.au
"409 Granville St, Vancouver, BC V6C 1T2",Vancouver,ca,TSX Venture,POINT (-123.1142912 49.2853029),Brixton Metals Corporation,,British Columbia,0.17 CDN,BBB,http://www.brixtonmetals.com
,,,,,BTU Metals Corp.,,,,,http://www.btumetals.com
"55 University Ave, Toronto, ON M5J 2H7",Toronto,ca,,POINT (-79.38401 43.646957),Buchans Resources Ltd.,,Ontario,,,http://www.buchansresources.com
"82 Richmond St E, Toronto, ON M5C 1P1",Toronto,ca,TSX Venture,POINT (-79.3750388 43.6526534),BWR Exploration Inc.,,Ontario,0.05 CDN,BWR,http://www.bwrexploration.com
"409 Granville St, Vancouver, BC V6C 1T2",Vancouver,ca,TSX Venture,POINT (-123.1142912 49.2853029),Cabral Gold Ltd.,,British Columbia,0.10 CDN,CBGZF,http://www.cabralgold.com
"555 W Hastings St, Vancouver, BC V6B 4N6",Vancouver,ca,TSX Venture/OTCQB,POINT (-123.1120643 49.2847674),Callinex Mines Inc.,,British Columbia,0.81 CDN,CNX/CLLXF,http://www.callinex.ca
"120 Adelaide St W, Toronto, ON M5H 1T1",Toronto,ca,,POINT (-79.38320299999999 43.650014),Canada Nickel Company,,Ontario,,,http://www.canadanickel.com
"100 King St W, Toronto, ON M5X 1E1",Old Toronto,ca,,POINT (-79.69772399999999 43.990672),Canadian Securities Exchange,,Ontario,,,http://www.thecse.com
"625 Howe St, Vancouver, BC V6C 2T6",Vancouver,ca,TSX Venture/OTC/FWB,POINT (-123.117998 49.284231),CanAlaska Uranium Ltd.,,British Columbia,0.22 CDN,CVV/CVVUF/DH7N,http://www.canalaska.com
"625 Howe St, Vancouver, BC V6C 2T6",Vancouver,ca,TSE/OTCQB/Frankfurt,POINT (-123.117998 49.284231),Canarc Resource Corp.,,British Columbia,0.06 CDN,CCM/CRCUF/CAN,http://www.canarc.net
"1111 Melville St, Vancouver, BC V6E 3V6",Vancouver,ca,TSE,POINT (-123.122136 49.286786),Candente Copper Corp.,,British Columbia,0.04 CDN,DNT ,http://www.candentecopper.com
,,,,,Cantex Mine Development Corp,,,,,http://www.cantex.ca
"28 Ord St, West Perth, WA 6005",Perth,au,TSE/Sydney (ASX),POINT (115.8408263 -31.9502644),Cardinal Resources Ltd.,,Western Australia,0.36 CDN,CDV,http://www.cardinalresources.com.au
"133 Richmond St W, Toronto, ON M5H 2L3",Toronto,ca,TSX-Venture ,POINT (-79.3849675 43.6502576),Carube Copper Corp.,,Ontario,0.06 CDN,CUC,http://www.carubecopper.com
"10 Outram St, West Perth WA 6005",Perth,au,Sydney (ASX),POINT (115.8389326 -31.9509888),Centaurus Metals Ltd,,Western Australia,0.01 AUS,CTM,http://www.centaurus.com.au
"1 University Ave, Toronto, ON M5J 2P1",Toronto,ca,TSE ,POINT (-79.383179 43.645798),Centerra Gold Inc.,,Ontario,9.40 CDN ,CG,http://www.centerragold.com
"200 University Ave, Toronto, ON M5H 3C6",Spadina—Fort York,ca,TSX-Venture ,POINT (-79.38700900000001 43.648991),Century Global Commodities Corporation,,Ontario,0.09 CDN ,CNT,http://www.centuryglobal.ca
"22 Avenue Lafleur, Saint-Sauveur, Quebec J0R 1R0",Saint-Sauveur,ca,CSE,POINT (-74.161289 45.89289),Cerro de Pasco Resources Inc.,,Quebec,0.49 CDN,CDPR,http://www.pascoresources.com
"800 W Pender St, Vancouver, BC V6C 2V6",Vancouver,ca,TSX-Venture /OTCQB/FRA,POINT (-123.1164135 49.2853994),Chakana Copper Corporation,,British Columbia,0.18 CDN,PERU/CHKK/1ZX,http://www.chakanacopper.com
"1512 Yew St, Vancouver, BC V6K 3E4",Vancouver,ca,TSX-Venture ,POINT (-123.1559279 49.2507386),Chesapeake Gold Corporation,,British Columbia,3.05 CDN,CKG,http://www.chesapeakegold.com
"505 Burrard St, Vancouver, BC V7X 1M4",Vancouver,ca,TSE,POINT (-123.120132 49.285227),China Gold International Resources Corp. Ltd.,,British Columbia,1.15 CDN,CGG,http://www.chinagoldintl.com
"1004 Alloy Dr, Thunder Bay, ON P7B 6V1",Thunder Bay,ca,TSX-Venture ,POINT (-89.182163 48.454154),Clean Air Metals Inc,,Ontario,0.13CDN (Presently Regency Gold Corp),RUA:H,http://www.cleanairmetals.ca
"1090 Hamilton St, Vancouver, BC V6B 2R9",Vancouver,ca,TSE/OTCQB,POINT (-123.120303 49.276526),Columbus Gold Corp.,,British Columbia,0.17 CDN,CGT/CGTFF,http://www.columbusgold.com
"1111 Melville St, Vancouver, BC V6E 3V6",Vancouver,ca,TSX-Venture ,POINT (-123.122136 49.286786),Commander Resources Ltd.,,British Columbia,0.07 CDN,CMD,http://www.commanderresources.com
"789 W Pender St, Vancouver, BC V6C 1H2",Vancouver,ca,TSX-Venture/FSE/OTCQX,POINT (-123.115458 49.285288),Commerce Resources Corp.,,British Columbia,0.30 CDN,CCE/D7H/CMRZF,http://www.commerceresources.com
"7/8 Innovation Place, Douglas Dr, Godalming, UK GU7 1JX",Waverley,gb,TSE,POINT (-0.602569 51.187638),Condor Gold Plc,South East England,England,0.40 CDN,COG ,http://www.condorgold.com
"3300 Lake Dr, Dublin D24 TD21",Dublin 15,ie,London (AIM) ,POINT (-6.4340401 53.3899303),Conroy Gold and Natural Resources plc,,Leinster,8.72 GBX,CGNR,http://www.conroygold.com
"800 W Pender St, Vancouver, BC V6C 2V6",Vancouver,ca,TSX-Venture/OTCQX,POINT (-123.1164135 49.2853994),Constantine Metal Resources Ltd.,,British Columbia,0.23 CDN,CEM/CNSNF,http://www.constantinemetals.com
"Jiron Tinajones 177, Santiago de Surco 15038",Santiago de Surco,pe,,POINT (-76.9924011 -12.114799),Consulting & Mining Sevices SRL,Province of Lima,Lima,,,http://www.consultingmining.com
"155 Wellington St W, Toronto, ON M5V 3H1",Toronto,ca,TSE ,POINT (-79.38574199999999 43.645844),Continental Gold Inc.,,Ontario,5.46 CDN,CNL,http://www.continentalgold.com
"340 12th Ave SW, Calgary, AB T2R 1L5",Calgary,ca,TSX-Venture ,POINT (-114.070268 51.041741),Copper Fox Metals Inc.,,Alberta,0.09 CDN,CUU,http://www.copperfoxmetals.com
"700 W Pender St, Vancouver, BC V6C 1G8",Vancouver,ca,TSE/Sydney (ASX),POINT (-123.1154498 49.2846592),Copper Mountain Mining Corporation,,British Columbia,0.79 CDN,CMMC/C6C,http://www.cumtn.com
"55 Metcalfe St, Ottawa, ON K1P 6L5",Ottawa,ca,Privately Held,POINT (-75.69608340000001 45.4221069),Copperzone Resources Limited,,Ontario,,,http://www.copperzone-resources.com
"1730 St Laurent Blvd, Ottawa, ON K1G 3Y7",Ottawa,ca,TSX-Venture/OTCQX/Frankfurt,POINT (-75.627905 45.405849),Cornerstone Capital Resources Inc.,,Ontario,3.49 CDN,CGP/CTNXF/GWN,http://www.cornerstoneresources.com
"700 W Pender St, Vancouver, BC V6C 1G8",Vancouver,ca,TSE/OTCQX,POINT (-123.1154498 49.2846592),Corvus Gold Inc.,,British Columbia,1.95 CDN,KOR/CORVF,http://www.corvusgold.com
"1080 Côte du Beaver Hall, Montreal, QC H2Z 1S8",Montreal,ca,TSX-Venture/OTCMKTS,POINT (-73.565451 45.502432),Critical Elements Corporation,,Quebec,0.38 CDN,CRE/CRECF,http://www.cecorp.ca
"13236 Cliffstone Ct, Lake Country, BC V4V 2R1",Lake Country,ca,TSX-Venture/OTCQX/FSE,POINT (-119.41058 50.074288),Crystal Lake Mining,,British Columbia,0.15 CDN,CLM/SIOCF/SPG-FF,http://www.crystallakemining.com
"İnönü Cad. No:8, Gümüşsuyu 34437 Beyoğlu İstanbul",,tr,,POINT (28.9866 41.0371),CVK Mining Group,,Istanbul,,,http://www.cvkgroups.com
"595 Howe St, Vancouver, BC V6C 2T5",Vancouver,ca,TSX-Venture/OTCQX,POINT (-123.117446 49.284596),Defiance Silver Corp.,,British Columbia,0.22 CDN,DEF/DNCVF,http://www.defiancesilver.com
"1718 Christine Crescent, Kingston, ON K7L 4V4",Kingston,ca,TSX-Venture ,POINT (-76.51447779999999 44.294087),Delta Resources Limited,,Ontario,0.18 CDN,DLTA ,http://www.deltaresources.ca
"40 University Ave, Toronto, ON M5J 1T1",Toronto,ca,TSE/NYSE,POINT (-79.395111 43.670307),Denison Mines Corp.,,Ontario,0.50 CDN,DML/DNN,http://www.denisonmines.com
"4770 72nd St, Delta, BC V4K 3N3",Delta,ca,TSX-Venture ,POINT (-122.957852 49.091868),Desert Gold Ventures Inc.,,British Columbia,0.14 CDN,DAU ,http://www.desertgold.ca
"580 Hornby St, Vancouver, BC V6C 3B6",Vancouver,ca,TSX-Venture/OTCQX/Frankfurt,POINT (-123.117909 49.285199),Desert Mountain Energy Corp.,,British Columbia,0.23 CDN,DME/DMEHF/QM01.F,http://www.desertmountainenergy.com
"1620 Dickson Ave, Kelowna, BC V1Y 9Y2",Kelowna,ca,TSX-Venture/OTCQX,POINT (-119.461477 49.880714),Diamcor Mining Inc.,,British Columbia,0.17 CDN,DMI/DMIFF,http://www.diamcormining.com
,,,Revenue Neutral ,,Discovery Group,,,Revenue Neutral ,Revenue Neutral ,http://www.discoverygroup.ca
"1 Adelaide St, Toronto, ON M5C 2V9",Toronto,ca,TSE ,POINT (-79.37815089999999 43.6502102),Dundee Precious Metals Inc.,,Ontario,6.26 CDN,DPM ,http://www.dundeeprecious.com
,,,,,Durango Resources Inc.,,,,,http://www.durangoresourcesinc.com
"625 René-Lévesque Blvd O, Montreal, QC H3B 1R2",Montreal,ca,TSE/OTCQX,POINT (-73.564593 45.5070453),Dynacor Gold Mines Inc.,Montreal (06),Quebec,1.72 CDN,DNG/DNGDF,http://www.dynacor.com
"610 Granville St, Vancouver, BC V6C 3T3",Vancouver,ca,TSX-Venture ,POINT (-123.116598 49.283513),Dynasty Gold Corp.,,British Columbia,0.07 CDN,DYG,http://www.dynastygoldcorp.com
"44 12th Ave S, Cranbrook, BC V1C 2R7",Cranbrook,ca,TSX-Venture ,POINT (-115.764622 49.511249),Eagle Plains Resources Ltd.,,British Columbia,0.10 CDN,EPL,http://www.eagleplains.com
"6661 Rue des Écores, Montréal, QC H2G 2J8",Montreal,ca,,POINT (-73.594514 45.548478),Earthmetrix Inc.,,Quebec,,,http://www.earthmetrix.ca
"325 Howe St, Vancouver, BC V6C 1Z7",Vancouver,ca,TSX-Venture/OTCQX,POINT (-123.11437 49.286518),Eastfield Resources Ltd.,,British Columbia,0.04 CDN,ETF/ETFLF,http://www.eastfieldresources.com
"400 Burrard St, Vancouver, BC V6C 3A6",Vancouver,ca,,POINT (-123.117075 49.286617),Eclipse Gold Mining Corp,,British Columbia,,,http://www.eclipsegoldmining.com
"R. Sampaio e Pina 1, 1070-050 Lisboa",,pt,,POINT (-9.1333 38.7167),"EDM-Empresa de Desenvolvimento Mineiro, SA",,Distrito da Guarda,,,http://www.edm.pt
"550 Burrard St, Vancouver, BC V6C 3A8",Vancouver,ca,TSE/NYSE,POINT (-123.1177375 49.2857294),Eldorado Gold Corporation,,British Columbia,9.63 CDN,ELD/EGO,http://www.eldoradogold.com
,,,,,Elim Mining Incorporated,,,,,http://www.elimmining.com
"595 Burrard St, Vancouver BC V7X 1K8",Vancouver,ca,TSX-Venture/OTCQX,POINT (-123.120916 49.286551),Ely Gold Royalties Inc.,,British Columbia,0.48 CDN,ELY/ELYGF,http://www.elygoldinc.com
"543 Granville St, Vancouver, BC V6C 1X8",Vancouver,ca,TSX-Venture/NYSE,POINT (-123.115947 49.284352),EMX Royalty Corp.,,British Columbia,2.45 CDN,EMX,http://www.emxroyalty.com
"800 W Pender St, Vancouver, BC V6C 2V6",Vancouver,ca,TSX-Venture,POINT (-123.1164135 49.2853994),Endurance Gold Corp,,British Columbia,0.05 CDN,EDG,http://www.endurancegold.com
"543 Granville St, Vancouver, BC V6C 1X8",Vancouver,ca,TSX-Venture/OTCQX,POINT (-123.115947 49.284352),Energold Corp.,,British Columbia,0.00 CDN,EGD/EGDFF,http://www.energold.com
"82 Richmond St E, Toronto, ON M5C 1P1",Toronto,ca,TSE,POINT (-79.3750388 43.6526534),Energy Fuels Inc.,,Ontario,2.16 CDN,EFR,http://www.energyfuels.com
"750 W Pender St, Vancouver, BC V6C 2T7",Vancouver,ca,TSX-Venture,POINT (-123.115356 49.284971),Engineer Gold Mines Ltd,,British Columbia,007 CDN,EAU ,http://www.engineergoldmines.com
"1066 W Hastings St, Vancouver, BC V6E 3X1",Vancouver,ca,TSE/OTCQX,POINT (-123.118888 49.287369),Entrée Resources Ltd.,,British Columbia,0.39 CDN,ETG/ERLFF,http://www.entreeresourcesltd.com
"8331 Eastlake Dr, Burnaby, BC V5A 4W2",Burnaby,ca,CSE/OTCQX/FSE,POINT (-122.9225798 49.2577502),EnviroLeach Technologies Inc.,,British Columbia,1.20 CDN,ETI/EVLLF/7N2,http://www.enviroleach.com
"66 Hunter St, Sydney, NSW 2000",Sydney,au,Sydney (ASX),POINT (151.2103987 -33.865989),Equus Mining Limited,,New South Wales,0.02 AUS,EQE,http://www.equusmining.com
"99 Wyse Rd, Dartmouth, NS B3A 4S5",Halifax,ca,TSE/MSE,POINT (-63.576647 44.668915),Erdene Resource Development Corp.,,Nova Scotia,0.23 CDN,ERD/ERDN,http://www.erdene.com
"625 Howe St, Vancouver, BC V6C 2T6",Vancouver,ca,TSE,POINT (-123.117998 49.284231),Ero Copper Corp.,,British Columbia,18.80 CDN,ERO,http://www.erocopper.com
"789 W Pender St, Vancouver, BC V6C 1H2",Vancouver,ca,TSX-Venture ,POINT (-123.115458 49.285288),Eros Resources Corp.,,British Columbia,0.10 CDN,ERC,http://www.erosresourcescorp.com
"18 King St E, Toronto, ON M5C 1C4",Toronto,ca,TSX-Venture,POINT (-79.377094 43.649535),Evergold Corp,,Ontario,0.34 CDN,EVER,http://www.evergoldcorp.ca
"850 W Hastings St, Vancouver, BC V6C 1E1",Vancouver,ca,TSX-Venture,POINT (-123.1161579 49.2862256),Evrim Resources Corp.,,British Columbia,0.32 CDN,EVM ,http://www.evrimresources.com
"2999 North 44th St, Phoenix, AZ 85018",Phoenix,us,TSE/OTCQX,POINT (-111.9868257 33.5092104),Excelsior Mining Corp.,,Arizona,1.13 CDN,MIN/EXMGF,http://www.excelsiormining.com
"25 Adelaide St E, Toronto, ON M5C 3A1",Toronto,ca,,POINT (-79.377392 43.650491),Exiro Minerals Corp.,,Ontario,,,http://www.exirominerals.com
,,,,,Fiore Gold,,,,,http://www.fioregold.com
"1021 W Hastings St, Vancouver, BC V6E 0C3",Vancouver,ca,TSX-Venture/ FSE,POINT (-123.081309 49.281117),FireFox Gold Corp.,,British Columbia,0.08 CDN,FFOX/A2PDU7,http://www.firefoxgold.com
"925 W Georgia St, Vancouver, BC V6C3L2",Vancouver,ca,TSE/NYSE/Frankfurt,POINT (-123.111931 49.269334),First Majestic Silver Corp.,,British Columbia,13.80 CDN,FR/AG/FMV,http://www.firstmajestic.com
"1188 W Georgia St, Vancouver, BC V6E 4A2",Vancouver,ca,TSE/OTCQX,POINT (-123.1255033 49.2868278),First Mining Gold Corp.,,British Columbia,0.24 CDN,FF/FFMGF,http://www.firstmininggold.com
"1620 Dickson Ave, Kelowna, BC V1Y 9Y2",Kelowna,ca,TSE/OTCQX/FSE,POINT (-119.461477 49.880714),Fission Uranium Corp.,,British Columbia,0.28 CDN,FCU/FCUUF/2FU,http://www.fissionuranium.com
"945 Princess St, Kingston, ON K7L OE9",Kingston,ca,TSX-Venture,POINT (-76.48909949999999 44.2325936),Focus Graphite Inc.,,Ontario,0.02 CDN,FMS,http://www.focusgraphite.com
"Alberdi 643, Rio Gallegos, Santa Cruz",Río Gallegos,ar,,POINT (-69.21813 -51.62261),Fomicruz S.E.,,Santa Cruz,,,http://www.fomicruz.com
"409 Granville St, Vancouver, BC V6C 1T2",Vancouver,ca,TSX-Venture,POINT (-123.1142912 49.2853029),Foran Mining Corporation,,British Columbia,0.26 CDN,FOM,http://www.foranmining.com
"148 Fullarton St, London, ON N6A 5P3",London,ca,TSX-Venture,POINT (-81.254891 42.984319),Fortune Minerals Limited,,Ontario,0.08 CDN,FT,http://www.fortuneminerals.com
"800 W Pender St, Vancouver, BC V6C 2V6",Vancouver,ca,TSX-Venture,POINT (-123.1164135 49.2853994),Forum Energy Metals Corp.,,British Columbia,0.10 CDN,FMC,http://www.forumenergymetals.com
"1155 W Pender St, Vancouver, BC V6E 2P4",Vancouver,ca,TSX-Venture,POINT (-123.1216649 49.2880335),FPX Nickel Corp.,,British Columbia,0.16 CDN,FPX,http://www.fpxnickel.com
"2736 Belisle Dr, Val Caron, ON P3N 1B3",Val Caron,ca,TSX-Venture,POINT (-81.02797 46.60582),Frontier Lithium Inc.,,Ontario,0.25 CDN,FL,http://www.frontierlithium.com
"161 Bay St, Toronto, ON M5J 2S1",Toronto,ca,TSX-Venture,POINT (-79.3787741 43.6469),Galleon Gold Corp.,,Ontario,0.08 CDN,GGO,http://www.galleongold.com
"82 Richmond St E, Toronto, ON M5C 1P1",Toronto,ca,TSX-Venture,POINT (-79.3750388 43.6526534),Galway Metals Inc.,,Ontario,0.30 CDN,GWM ,http://www.galwaymetalsinc.com
"409 Granville St, Vancouver, BC V6C 1T2",Vancouver,ca,TSX-Venture/OTCQX/Frankfurt ,POINT (-123.1142912 49.2853029),Garibaldi Resources Corp,,British Columbia,0.71 CDN,GGI/GGIFF/RQM,http://www.garibaldiresources.com
"200 Burrard St, Vancouver BC V6C 3L6",Vancouver,ca,TSX-Venture/OTCQX/Frankfurt ,POINT (-123.1155926 49.2876624),Gatling Exploration Inc.,,British Columbia,0.47 CDN,GTR/GATGF,http://www.gatlingexploration.com
"100 King St, Toronto, ON M5X 1B1",Toronto,ca,CSE,POINT (-79.51593339999999 43.7058216),Generation Mining Limited,,Ontario,0.66 CDN,GENM ,http://www.genmining.com
"800 W Pender St, Vancouver, BC V6C 2V6",Vancouver,ca,TSX-Venture/OTCQX/Frankfurt ,POINT (-123.1164135 49.2853994),Genesis Metals,,British Columbia,0.40 CDN,GIS/GGISF,http://www.genesismetalscorp.
"75 Boulevard de Mortagne, Boucherville, QC J4B 6Y4",Boucherville,ca,TSE,POINT (-73.430087 45.596455),Geomega Resources Inc.,,Quebec,0.17 CDN,GMA,http://www.geomega.ca
"85 Hope Road, Kingston, Jamaica",,jm,,POINT (-76.7856529 18.0166933),Geophysx Jamaica Ltd,,,,,http://www.geophysx.com
"640 Broadway Ave, Saskatoon, SK S7N 1A9",,ca,TSX-Venture ,POINT (-106.6570299 52.1193285),GFG Resources Inc.,,Saskatchewan,0.17 CDN,GFG,http://www.gfgresources.com
"250 Howe St, Vancouver, BC V6C 3R8",Vancouver,ca,,POINT (-123.113253 49.286653),Globe Trotters Resource Group Inc.,,British Columbia,,,http://www.globetrottersresources.ca
"86 14th St, Rouyn-Noranda, QC J9X 2J1",Rouyn-Noranda,ca,TSE/OTCQX/Frankfurt,POINT (-79.03063899999999 48.244068),Globex Mining Enterprises Inc.,,Quebec,0.35 CDN,GMX/GLBXF/G1MN,http://www.globexmining.com
,,,,,Globmine LLP,,,,,http://tks.kz
"1090 West Georgia St, Vancouver, BC V6E 3V7",Vancouver,ca,TSX-Venture ,POINT (-123.123296 49.285369),GMV Minerals Inc.,,British Columbia,0.16 CDN,GMV ,http://www.gmvminerals.com
"1111 Melville St, Vancouver, BC V6E 3V6",Vancouver,ca,CSE,POINT (-123.122136 49.286786),Go Metals Corp.,,British Columbia,0.05 CDN,GOCO,http://www.gocobalt.ca
"200 Burrard St, Vancouver BC V6C 3L6",Vancouver,ca,multiple,POINT (-123.1155926 49.2876624),Gold Group Management Inc.,,British Columbia,multiple,multiple,http://www.goldgroup.com
"580 Hornby St, Vancouver, BC V6C 3B6",Vancouver,ca,TSX-Venture ,POINT (-123.117909 49.285199),Gold Springs Resource Corp.,,British Columbia,0.12 CDN,GRC,http://www.goldspringsresource.com
,,,,,Gold Terra Resource Corp.,,,,,http://www.goldterracorp.com
"837 W Hastings St, Vancouver, BC V6C 3N6",W Vancouver,ca,TSX-Venture ,POINT (-123.115131 49.286164),Golden Arrow Resources,,British Columbia,0.16 CDN,GRG ,http://www.goldenarrowresources.com
"688 W Hastings St, Vancouver, BC V6B 1P1",Vancouver,ca,TSX-Venture ,POINT (-123.1136946 49.2849614),Golden Goliath Resources Ltd.,,British Columbia,0.07 CDN,GNG ,http://www.goldengoliath.com
"350 Indiana St, Golden, CO 80401",Golden,us,TSE/NYSE,POINT (-105.1643438 39.7210527),Golden Minerals Company,,Colorado,0.34 CDN,AUMN,http://www.goldenminerals.com
"200 Burrard St, Vancouver, BC V6C 3L6",Vancouver,ca,TSX-Venture ,POINT (-123.1155926 49.2876624),Golden Predator Mining Corp.,,British Columbia,0.29 CDN,GPY,http://www.goldenpredator.com
"150 King St W, Toronto, ON M5H 1J9",Toronto,ca,TSE/NYSE,POINT (-79.3840045 43.648024),Golden Star Resources Limited,,Ontario,3.90 CDN,GSC/GSS,http://www.gsr.com
"1030 W Georgia St, Vancouver, BC V6E 2Y3",Vancouver,ca,TSE/SPOT/OTCQX,POINT (-123.122024 49.284541),GoldMining Inc.,,British Columbia,1.54 CDN,GOLD/GOLD/GLDLF,http://www.goldmining.com
"38 Avenue Rd Toronto, ON M5R 2G2",Toronto,ca,TSE/NASDAQ,POINT (-79.39490929999999 43.6700887),Goldmoney Inc.,,Ontario,1.85 CDN,XAU/XAUMF,http://www.goldmoney.com
"133 Richmond St W, Toronto, ON M5H 2L3",Toronto,ca,TSX-Venture ,POINT (-79.3849675 43.6502576),GoldQuest Mining Corp.,,Ontario,0.14 CDN,GQC,http://www.goldquestcorp.com
"570 Granville St, Vancouver, BC V6C 3P1",Vancouver,ca,TSX-Venture ,POINT (-123.115659 49.28372),Goldsource Mines Inc.,,British Columbia,0.08 CDN,GXS ,http://www.goldsourcemines.com
"69 Yonge St, Toronto, ON M5E 1K3",Toronto,ca,TSX-Venture ,POINT (-79.3776658 43.649079),Goldspot Discoveries Inc.,,Ontario,0.20 CDN,SPOT,http://www.goldspot.ca
"171 Donald St, Winnipeg, MB R3C 1M4",Winnipeg,ca,TSX-Venture/Frankfurt-Freiverkehr & Xetra Exchanges,POINT (-97.141018 49.889921),Gossan Resources Limited,,Manitoba,0.06 CDN,GSS/GSR,http://www.gossan.ca
"80 Richmond St W, Toronto, ON M5H 2A4",Toronto,ca,TSX-Venture ,POINT (-79.38215599999999 43.651237),Gowest Gold Ltd.,,Ontario,0.22 CDN,GWA ,http://www.gowestgold.com
"401 Bay St, Toronto, ON M5H 2Y4",Toronto,ca,TSE/OTCQX,POINT (-79.38129499999999 43.651186),Gran Colombia Gold Corp.,,Ontario,5.54 CDN,GCM/TPRFF,http://www.grancolombiagold.com
"345 Chemin Castors Rouyn-Noranda, QC J9Y 0E7",Rouyn-Noranda,ca,,POINT (-79.023769 48.304296),Greg Exploration Inc.,,Quebec,,,http://www.goldenretrievergroup.com
"3335 Yonge St, Toronto, ON M4N 2M1",Toronto,ca,TSX-Venture ,POINT (-79.404213 43.731613),Grid Metals Corp.,,Ontario,0.15 CDN,GRDM ,http://www.gridmetalscorp.com
"170 St NW, Edmonton, AB T5T 5L4",Edmonton,ca,TSX-Venture/OTCQB/FWB,POINT (-113.616225 53.534899),Grizzly Discoveries Inc.,,Alberta,0.03 CDN,GZD/GZDIF/G6H,http://www.grizzlydiscoveries.com
"666 Burrard St, Vancouver, BC V6C 3P6",Vancouver,ca,TSX-Venture ,POINT (-123.119374 49.285073),GT Gold Corp.,,British Columbia,1.45 CDN,GTT ,http://www.gtgoldcorp.ca
"827 Beaufort St, Mount Lawley, WA 6052",Perth,au,Sydney (ASX),POINT (115.8820047 -31.9247437),Hammer Metals Ltd,,Western Australia,0.02 AUS,HMX,http://www.hammermetals.com.au
"789 W Pender St, Vancouver, BC V6C 1H2",Vancouver,ca,TSX-Venture ,POINT (-123.115458 49.285288),Happy Creek Minerals Ltd.,,British Columbia,0.08 CDN,HPY ,http://www.happycreekminerals.com
"1100 Avenue des Canadiens-de-Montréal, Montréal, QC H3B 2S2",Montreal,ca,TSX-Venture ,POINT (-73.569304 45.497154),Harfang Exploration Inc.,,Quebec,0.25 CDN,HAR,http://www.harfangexploration.com
"161 Bay St, Toronto, ON M5J2S1",Toronto,ca,TSE/OTCQX/Frankfurt,POINT (-79.378658 43.646924),Harte Gold Corp.,,Ontario,0.15 CDN,HRT/HRTFF/H4O,http://www.hartegold.com
"800 W Pender St, Vancouver, BC V6C 2V6",Vancouver,ca,NYSE,POINT (-123.1164135 49.2853994),Hecla Mining Company,,British Columbia,3.06 USD,HL,http://www.hecla-mining.com
"999 Canada Place, Vancouver, BC V6C 3E1",Vancouver,ca,(See partner companies) ,POINT (-123.114011 49.287912),High Power Exploration,,British Columbia,,,http://www.hpxploration.com
"800 W Pender St, Vancouver, BC V6C 2V6",Vancouver,ca,TSX-Venture/OTCQB,POINT (-123.1164135 49.2853994),HighGold Mining Inc,,British Columbia,1.13 CDN,HIGH/HGGOF,http://www.highgoldmining.com
"3000 Rue Omer Lavallée, Montréal, QC H1Y 3R8",Montreal,ca,TSX-Venture ,POINT (-73.56148399999999 45.545607),HPQ Silicon Resources,,Quebec,0.08 CDN,HPQ,http://www.hpqsilicon.com
"1639 W 2nd Ave, Vancouver, BC V6J 1H3",Vancouver,ca,TSX-Venture/OTCQB,POINT (-123.141806 49.26977),Hudson Resources Inc.,,British Columbia,0.21 CDN,HUD/HUDRF,http://www.hudsonresourcesinc.com
"401 Bay St, Toronto, ON M5H 2Y4",Toronto,ca,TSE/NYSE,POINT (-79.38129499999999 43.651186),IAMGOLD Corporation,,Ontario,3.98  CDN,IMG/IAG,http://www.iamgold.com
"543 Granville St, Vancouver, BC V6C 1X8",Vancouver,ca,TSX-Venture/Frankfurt,POINT (-123.115947 49.284352),Impact Silver Corp.,,British Columbia,0.43 CDN,IPT/IKL,http://www.impactsilver.com
"1140 W Pender, Vancouver, BC V6E 4G1",W Vancouver,ca,TSX-Venture ,POINT (-123.121997 49.287711),Inca One Gold Corp.,,British Columbia,0.18 CDN,IO,http://www.incaone.com
"625 Howe St, Vancouver, BC, V6C 2T6",Vancouver,ca,TSX-Venture ,POINT (-123.117998 49.284231),Independence Gold Corp.,,British Columbia,0.06 CDN,IGO ,http://www.ingold.ca
"400 Burrard St, Vancouver, BC V6C 3A6",Vancouver,ca,TSX-Venture/OTCQX ,POINT (-123.117075 49.286617),Integra Resources Corp.,,British Columbia,1.32 CDN,ITR/IRRZF,http://www.integraresources.com
"20 Sixth St, New Westminster, BC V3L 2Y8",Vancouver,ca,TSX-Venture ,POINT (-122.908447 49.203426),International Millennium Mining Corp.,,British Columbia,0.03 CDN,IMI,http://www.immc.ca
"140 Arthur St, North Sydney, NSW 2060",Sydney,au,Sydney (ASX),POINT (151.2096643 -33.8410486),ioneer,,New South Wales,0.18 AUS,INR,http://www.ioneer.com
"1055 W Hastings St, Vancouver, BC V6E 2E9",Vancouver,ca,TSX-Venture/OTCQX ,POINT (-123.118268 49.2877658),IsoEnergy Ltd.,,British Columbia,0.38 CDN,ISO/ISENF,http://www.isoenergy.ca
"999 Canada Place Vancouver, BC V6C3E1",Vancouver,ca,TSE/OTCQX,POINT (-123.114011 49.287912),Ivanhoe Mines,,British Columbia,3.42 CDN,IVN/IVPAF,http://www.ivanhoemines.com
"100 King St W, Toronto, ON M5X 1C9",Toronto,ca,TSE/OTCQX,POINT (-79.471126 43.669022),Jaguar Mining Inc.,,Ontario,0.22 CDN,JAG/JAGEF,http://www.jaguarmining.com
"40 Harbour St, Kingston",Kingston,jm,,POINT (-76.7872205 17.9652966),Jamaica Stock Exchange,,,,,http://www.jamstockex.com
"62 Ord St, West Perth WA 6005",Perth,au,Sydney (ASX),POINT (115.8365073 -31.9488579),Jameson Resources Limited,,Western Australia,0.19 CDN,JAL ,http://www.jamesonresources.com.au
"669 Howe St, Vancouver, BC V6C 0B4",Vancouver,ca,TSX-Venture/OTCQX ,POINT (-123.118381 49.283911),Japan Gold Corp.,,British Columbia,0.27 CDN,JG/JGLDF,http://www.japangold.com
"1090 W Georgia St, Vancouver, BC V6E 3V7",Vancouver,ca,TSX-Venture ,POINT (-123.123296 49.285369),K92 Mining Inc.,,British Columbia,3.85 CDN,KNT,http://www.k92mining.com
"Silas Ramjan St, Labasa",Labasa,fj,Private ,POINT (179.3741655 -16.4285246),Kalo Exploration Ltd,,Northern,,,http://www.kaloexploration.com
"18 King St, Toronto, ON M5C 1C4",Toronto,ca,TSE/OTCQX,POINT (-79.377094 43.649535),Kerr Mines Inc.,,Ontario,0.15 CDN,KER/KERMF,http://www.kerrmines.com
"278 Bay St, Thunder Bay, ON P7B 1R8",Thunder Bay,ca,TSX-Venture ,POINT (-89.228801 48.431667),Kesselrun Resources Ltd.,,Ontario,0.05 CDN,KES,http://www.kesselrunresources.com
"20 Bond St, Sydney, NSW 2000",Sydney,au,Sydney (ASX),POINT (151.2084952 -33.8643523),Kingsgate Consolidated Limited,,New South Wales,0.56 AUS ,KCN,http://www.kingsgate.com.au
"25 York St, Toronto, ON M5J 2V5",Toronto,ca,TSE/NYSE,POINT (-79.3812452 43.6433721),Kinross Gold Corporation,,Ontario,6.71 CDN,K/KCG,http://www.kinross.com
"200 Bay St, Toronto, ON M5J 2J1",Toronto,ca,TSE/NYSE/Sydney(ASX) ,POINT (-79.3803017 43.6466411),Kirkland Lake Gold Ltd.,,Ontario,54.27 CDN,KL/KLA ,http://www.klgold.com
"750 W Pender St, Vancouver, BC V6C 2T7",Vancouver,ca,TSX-Venture/FSE,POINT (-123.115356 49.284971),Klondike Silver Corp.,,British Columbia,0.04 CDN,KS/K1SN,http://www.klondikesilver.com
,,,,,Kootenay Silver Inc.,,,,,http://www.kootenaysilver.com
"Skeppargatan 27, 114 52 Stockholm",Stockholm,se,FRA,POINT (18.0832053 59.3345018),Kopy Goldfields AB,,Stockholm County,0.10 Euros,0KR,http://www.kopygoldfields.com
"1030 W Georgia St, Vancouver, BC V6E 2Y3",Vancouver,ca,TSX-Venture/OTCQX ,POINT (-123.122024 49.284541),Kutcho Copper Corp.,,British Columbia,0.20 CDN,KC/KCCFF,http://www.kutcho.ca
"543 Granville St, Vancouver, BC V6C 1X8",Vancouver,ca,TSX-Venture,POINT (-123.115947 49.284352),Lara Exploration Ltd.,,British Columbia,0.59 CDN,LRA,http://www.laraexploration.com
"55 University Ave, Toronto, ON M5J 2H7",Toronto,ca,TSE/OTCQX,POINT (-79.38401 43.646957),Largo Resources Ltd.,,Ontario,1.05 CDN,LSO/LGORF,http://www.largoresources.com
"1177 W Hastings St, Vancouver, BC V6E 2K3",Vancouver,ca,TSX-Venture,POINT (-123.119792 49.287988),Latin Metals Inc.,,British Columbia,0.12 CDN,LMS,http://www.latinmetals.com
"40 King St W, Toronto, ON M5H 3S1",The Junction,ca,TSX-Venture/OTCPINK,POINT (-79.379566 43.649479),Laurion Mineral Exploration Inc.,,Ontario,0.17 CDN,LME/LMEFF,http://www.laurion.ca
"1090 W Georgia St, Vancouver, BC V6E 3V7",Vancouver,ca,TSX-Venture/OTCQB/NASDAQ First North,POINT (-123.123296 49.285369),Leading Edge Materials Corp.,,British Columbia,0.10 CDN,LEM/LEMIF/LEMSE,http://www.leadingedgematerials.com
"595 Burrard St, Vancouver, BC V7X 1J1",Vancouver,ca,TSE,POINT (-123.011694 49.210523),Leagold Mining Corporation,,British Columbia,3.59 CDN,LMC ,http://www.leagold.com
"55 University Ave, Toronto, ON M5J 2H7",Toronto,ca,Sydney (ASX),POINT (-79.38401 43.646957),Lepidico Ltd.,,Ontario,0.01 AUS,LPD ,http://www.lepidico.com
"1111 W Hastings St, Vancouver, BC V6E 2J3",W Vancouver,ca,TSX-Venture ,POINT (-123.081061 49.281127),Libero Copper,,British Columbia,0.07 CDN,LBC,http://www.liberocopper.com
"1055 W Hastings St, Vancouver, BC V6E 2E9",Vancouver,ca,TSE/OTCQX,POINT (-123.118268 49.2877658),Liberty Gold Corp.,,British Columbia,1.21 CDN,LGD/LGDTF,http://www.libertygold.ca
"267 W Esplanade, North Vancouver, BC V7M 1A5",North Vancouver,ca,TSX-Venture/OTCQX/Sydney ASX,POINT (-123.083435 49.312787),Lion One Metals,,British Columbia,1.65 CDN,LIO/LOMLF/LLO,http://www.liononemetals.com
"7184 120th St, Surrey, BC V3W 0M6",Vancouver,ca,TSX-Venture/OTCQX,POINT (-122.890114 49.133745),Lomiko Metals Inc.,,British Columbia,0.04 CDN,LMR/LMRMF,http://www.lomiko.com
"12 Old Mills Industrial Estate, Paulton, Bristol, England, BS39 7SU",Bath and North East Somerset,gb,,POINT (-2.502342 51.291783),Longland Resources Ltd,South West England,England,,,http://www.longlandresources.com
"625 Howe St, Vancouver, BC V6C 2T6",Vancouver,ca,TSX-Venture/OTCQX,POINT (-123.117998 49.284231),"Lumina Group, The",,British Columbia,0.07 CDN,LUM/LMGDF,http://www.luminagold.com
"885 W Georgia St, Vancouver, BC V6C 3E8",W Vancouver,ca,,POINT (-123.119665 49.28369),Lundin Group,,British Columbia,,,http://www.thelundingroup.com
"595 Burrard St, Vancouver, BC V7X 1K8",Vancouver,ca,TSX-Venture/OTCQX,POINT (-123.120916 49.286551),Mako Mining Corp.,,British Columbia,0.39 CDN,MKO/MAKOF,http://www.makominingcorp.com
"Boulevard Al Massira Al Khadra, Casablanca 20100",Casablanca,ma,CSE ,POINT (-7.6393407 33.5870115),MANAGEM Group,Casablanca-Settat,,"851,50 MAD",MNG,http://www.managemgroup.com
"76 Richmond St E, Toronto, ON M5C 1P1",Toronto,ca,TSE ,POINT (-79.3752557 43.6526051),Mandalay Resources Corp.,,Ontario,1.00 CDN,MND,http://www.mandalayresources.com
"1199 W Hastings St, Vancouver, BC V6E 3T5",Vancouver,ca,,POINT (-123.122234 49.288927),Manex Resource Group Inc.,,British Columbia,,,http://www.manexresourcegroup.com
"145 Rue Graveline, Saint-Laurent QC H4T 1R3",Montreal,ca,TSX-Venture/FWBF,POINT (-73.70366300000001 45.474315),Manganese X Energy Corp.,,Quebec,0.10 CDN,MN/9SC2,http://www.manganesexenergycorp.com
"82 Richmond St E, Toronto, ON M5C 1P1",Toronto,ca,TSX-Venture,POINT (-79.3750388 43.6526534),Manitou Gold Inc.,,Ontario,0.06 CDN,MTU,http://www.manitougold.com
"10 King St E, Toronto, ON M5C 1C3",Toronto,ca,TSE/OTCQX,POINT (-79.521192 43.700727),Marathon Gold Corporation,,Ontario,1.56 CDN,MOZ/MGDPF,http://www.marathon-gold.com
,,,,,Market Making Services Inc.,,,,,http://www.marketmakingservices.com
"1090 W Georgia St, Vancouver, BC V6E 3V7",Vancouver,ca,TSE/FSE/PK,POINT (-123.123296 49.285369),Mawson Resources Limited,,British Columbia,0.28 CDN,MAW/MXR/MWSNF,http://www.mawsonresources.com
"1250 René Lévesque, Montreal, QC H3B 4W8 ",Montreal,ca,TSE ,POINT (-73.564593 45.5070453),Maya Gold & Silver Inc.,Montreal (06),Quebec,1.80 CDN,MYA,http://www.mayagoldsilver.com
"150 King St W, Toronto, ON M5H 1J9",Toronto,ca,TSE ,POINT (-79.3840045 43.648024),McEwen Mining Inc.,,Ontario,1.46 CDN,MUX,http://www.mcewenmining.com
"1550 Bedford Hwy, Bedford, NS B4A 1E6",Halifax,ca,CNSX/OTCMKTS/FWB,POINT (-63.657547 44.732176),MegumaGold,,Nova Scotia,0.15 CDN,NSAU/NSAUF/2CM2,http://www.megumagold.com
,,,,,Meridian Credit Union,,,,,http://www.meridiancu.ca/Commercial.aspx
"409 Granville St, Vancouver, BC V6C 1T2",Vancouver,ca,See companies ,POINT (-123.1142912 49.2853029),Metallic Group of Companies,,British Columbia,,,http://www.metallicgroup.ca
"945 Cobalt Crescent, Thunder Bay, ON P7B 5Z4",Thunder Bay,ca,TSX-Venture,POINT (-89.25586800000001 48.409789),Metals Creek Resources Corp.,,Ontario,0.06 CDN,MEK,http://www.metalscreek.com
"Edmonton, AB",,ca,See companies ,POINT (-113.507996 53.535411),Metals Group Inc.,,Alberta,,,http://www.metalsgroup.com
"999 W Hastings St, Vancouver, BC V6C 2W2",Vancouver,ca,TSE,POINT (-123.11651 49.287199),Midas Gold Corp.,,British Columbia,0.57 CDN,MAX,http://www.midasgoldcorp.com
"1 Place Ville Marie, Montréal, QC H3B 4M4",Quebec,ca,TSX-Venture,POINT (-71.203896 46.898199),Midland Exploration Inc.,,Quebec,0.80 CDN,MD ,http://www.midlandexploration.com
"1177 W Hastings St, Vancouver, BC V6E 2K3",Vancouver,ca,TSX-Venture/OTCQB/Frankfurt,POINT (-123.119792 49.287988),Millennial Lithium Corp.,,British Columbia,1.48 CDN,ML/MLNLF/A3N2,http://www.millenniallithium.com
"1177 W Hastings St, Vancouver, BC V6E 2K3",Vancouver,ca,TSX-Venture/OTCQX/Frankfurt ,POINT (-123.119792 49.287988),Minaurum Gold Inc.,,British Columbia,0.47 CDN,MGG/MMRGF/78M,http://www.minaurum.com
"55 York St, Toronto, ON M5J 1R7",Toronto,ca,TSX-Venture,POINT (-79.38256800000001 43.646194),Minera Alamos Inc.,,Ontario,0.27 CDN,MAI,http://www.mineraalamos.com
"Avenida Apoquindo 4775, Las Condes, Región Metropolitana",Las Condes,cl,TSE (Sprott),POINT (-70.57964509999999 -33.4128877),Minera Tres Valles,,Santiago Metropolitan Region,0.69 CDN,SRHI  ,http://www.mineratresvalles.com
"1195 W Broadway, Vancouver, BC V6H 3X5",Vancouver,ca,TSX-Venture,POINT (-123.131126 49.263617),Mineral Mountain Resources Ltd.,,British Columbia,0.37 CDN,MMV,http://www.mineralmtn.com
Istanbul,Istanbul,tr,,POINT (28.9651646 41.0096334),Mira Stone Ltd,,Marmara Region,,,http://www.mirastone.net
"355 Burrard St, Vancouver BC V6C 2G8",Vancouver,ca,TSX-Venture,POINT (-123.116591 49.288158),Mirasol Resources Ltd.,,British Columbia,0.50 CDN,MRZ ,http://www.mirasolresources.com
Douala,Douala,cm,,POINT (9.706203 4.0429408),Mississauga Mining,,Littoral,,,http://www.mississaugamining.com
"550 Burrard St, Vancouver, BC V6C 0A3",Vancouver,ca,TSX-Venture/London,POINT (-123.118287 49.285718),Mkango Resources,,British Columbia,0.12 CDN,MKA,http://www.mkango.ca
"68 Ave de la Gare, Saint-Sauveur, QC J0R 1R0",Saint-Sauveur,ca,TSX-Venture/RF,POINT (-74.161289 45.89289),Monarques Gold Corporation,,Quebec,0.18 CDN,MQR,http://www.monarquesgold.com
"65 3rd Ave Timmins, ON P4N 1C2",Timmins,ca,TSE,POINT (-81.33368 48.474917),Moneta Porcupine Mines Inc.,,Ontario,0.12 CDN,ME,http://www.monetaporcupine.com
"1040 W Georgia St, Vancouver, BC V6E 4H3",Vancouver,ca,TSX-Venture,POINT (-123.065613 49.27838),Montero Mining & Exploration Ltd.,,British Columbia,0.02 CDN,MON,http://www.monteromining.com
"1100 Melville St, Vancouver, BC V6E 4A6",Vancouver,ca,TSX-Venture/FSE,POINT (-123.122297 49.286903),Monument Mining Limited,,British Columbia,0.04 CDN,MMY/D7Q1,http://www.monumentmining.com
"13400 Butlers Rd, Amelia Court House, VA 23002",Amelia Court House,us,,POINT (-77.91840500000001 37.358245),"Morefield Gem Mine, Inc.",,Virginia,,,http://www.morefieldgemmine.com
"1701 Hollis St, Halifax, NS B3J 3M8",Halifax,ca,TSX-Venture,POINT (-63.572433 44.6473),Morien Resources Corp.,,Nova Scotia,0.61 CDN,MOX,http://www.morienres.com
"Carrera 30 #10 Medellín, Antioquia",Medellín,co,https://www.emis.com/php/company-profile/CO/Morocota_Gold_SAS_en_3522586.html,POINT (-75.5563173 6.2344815),Morocota Gold SAS,,Antioquia,,,http://www.morocotagold.com
"20 Toronto St, Toronto, ON M5C 2B8",Toronto,ca,,POINT (-79.509489 43.595608),Moydow Resources Limited,,Ontario,,,http://www.moydow.com
"1040 W Georgia St, Vancouver, BC V6E 4H1",Vancouver,ca,TSX-Venture ,POINT (-123.082129 49.27799),Mundoro Capital Inc.,,British Columbia,0.16 CDN,MUN,http://www.mundoro.com
"120 Adelaide St W, Toronto, ON M5H 1P9",Toronto,ca,TSX-Venture ,POINT (-79.383202 43.650013),Murchison Minerals Ltd.,,Ontario,0.13 CDN,MUR ,http://www.murchisonminerals.com
"401 Bay St, Toronto, ON M5H 2Y4",Toronto,ca,TSX-Venture/OTCQX/FSE,POINT (-79.38129499999999 43.651186),Neo Lithium Corp.,,Ontario,0.79 CDN,NLC/NTTHF0/NE,http://www.neolithium.ca
"100 W Liberty St, Reno, NV 89501",Reno,us,TSE,POINT (-119.8127282 39.5211384),Nevada Copper Corp.,,Nevada,0.31 CDN,NCU,http://www.nevadacopper.com
"885 W Georgia St, Vancouver, BC V6C 3E8",W Vancouver,ca,TSX-Venture/OTCQB,POINT (-123.119665 49.28369),Nevada Exploration Inc.,,British Columbia,0.33 CDN,NGE/NVDEF  ,http://www.nevadaexploration.com
"59 Burtch's Lane, Rockport, ON K0E 1V0",Thousand Islands,ca,,POINT (-75.931397 44.381018),New Age Metals,,Ontario,,,http://www.newagemetals.com
"69 Yonge St, Toronto, ON M5E 1K3",Toronto,ca,See Parents ,POINT (-79.3776658 43.649079),New Found Gold Corp,,Ontario,,,http://www.newfoundgold.ca
"181 Bay St, Toronto, ON M5J 2T3",Toronto,ca,TSE/NYSE,POINT (-79.3786735 43.6465062),New Gold Inc.,,Ontario,1.11 CDN,NGD ,http://www.newgold.com
"1066 W Hastings St, Vancouver, BC V6E 3X1",Vancouver,ca,TSX-Venture/OTCQX,POINT (-123.118888 49.287369),New Pacific Metals Corp.,,British Columbia,5.74 CDN,NUAG/NUPMF,http://www.newpacificmetals.com
"600 St Kilda Rd, Melbourne VIC 3004",,au,Sydney (ASX),POINT (144.9763639 -37.8358215),Newcrest Mining Ltd.,,Victoria,28.99 AUS,NCM ,http://www.newcrest.com.au
"6363 South Fiddler’s Green Circle, Greenwood Village, CO 80111",Greenwood Village,us,TSE/NYSE,POINT (-104.8924948 39.6014032),Newmont Corporation,,Colorado,58.52 CDN,NGT/NEM ,http://www.newmont.com
"580 Hornby St, Vancouver, BC V6C 3B6",Vancouver,ca,TSX-Venture/OTC,POINT (-123.117909 49.285199),Newrange Gold Corp.,,British Columbia,0.13 CDN,NRG/NRGOF,http://www.newrangegold.com
"37A Ave J-F Kennedy, 1855 Luxembourg",Luxembourg,lu,TSE/NYSE,POINT (6.13 49.61167),Nexa Resources S.A.,,District de Luxembourg,10.46 CDN,NEXA,http://www.nexaresources.com
"355 Burrard St, Vancouver, BC V6C 2G8",Vancouver,ca,TSX-Venture,POINT (-123.116591 49.288158),Nicola Mining Inc.,,British Columbia,0.10 CDN,NIM ,http://www.nicolamining.com
"1111 St Charles W, Longueuil, QC J4K 5G4",Longueuil,ca,TSX-Venture,POINT (-73.51515499999999 45.518331),NioBay Metals Inc.,,Quebec,0.40 CDN,NBY,http://www.niobaymetals.com
"212 King St W, Toronto, ON M5H 1K5",Toronto,ca,TSX-Venture,POINT (-79.42535100000001 43.633695),Noront Resources Ltd.,,Ontario,0.17 CDN,NOT,http://www.norontresources.com
"789 West Pender St, Vancouver, BC V6C 1H2",Vancouver,ca,TSX-Venture,POINT (-123.115458 49.285288),North Arrow Minerals Inc.,,British Columbia,0.05 CDN,NAR ,http://www.northarrowminerals.com
"1040 W Georgia St, Vancouver, BC V6E 4H1",Vancouver,ca,TSE/NYSE,POINT (-123.082129 49.27799),Northern Dynasty Minerals Ltd.,,British Columbia,0.57 CDN,NDM/NAK,http://www.northerndynastyminerals.com 
"290 Picton Ave, Ottawa, ON K1Z 8P8",Ottawa,ca,TSX-Venture,POINT (-75.75203999999999 45.393513),Northern Graphite Corporation,,Ontario,0.15 CDN,NGC,http://www.northerngraphite.com
"55 Metcalfe St, Ottawa, ON K1P 6L5",Ottawa,ca,TSX-Venture,POINT (-75.69608340000001 45.4221069),Northern Shield Resources Inc.,,Ontario,0.09 CDN,NRN,http://www.northern-shield.com
"1351 C Kelly Lake Rd, Sudbury, ON P3E 5P5",Sudbury,ca,TSX-Venture,POINT (-81.03243000000001 46.465996),Northern Superior Resources Inc.,,Ontario,0.19 CDN,SUP,http://www.nsuperior.com
"1075 W Georgia St, Vancouver BC V6E 3C9",Vancouver,ca,TSX-Venture/OTC-Nasdaq,POINT (-123.122205 49.28587),Northern Vertex Mining Corp.,,British Columbia,0.26 CDN,NEE/NHVCF,http://www.northernvertex.com
"17 Wellington St N, New Liskeard, ON P0J 1P0",Temiskaming Shores,ca,CSE,POINT (-79.6729344 47.5100585),Northstar Gold Corp.,,Ontario,0.30 CDN,NSG ,http://www.northstargoldmining.com
"650 W Georgia St, Vancouver, BC V6B 4N9",Vancouver,ca,TSE,POINT (-123.117503 49.281938),NorZinc Ltd,,British Columbia,0.08 CDN,NZC,http://www.norzinc.com
"331 Rue Brassard, Saint-Michel-des-Saints,  QC, J0K 3B0",,ca,TSX-Venture,POINT (-73.9169723 46.6786059),Nouveau Monde Graphite,Lanaudière,Quebec,0.24 CDN,NOU,http://www.nouveaumonde.ca
"400 Burrard St, Vancouver, BC V6C 3A6",Vancouver,ca,TSE/NYSE,POINT (-123.117075 49.286617),Novagold Resources Inc.,,British Columbia,11.62 CDN,NG,http://www.novagold.com
"357 Collins St, Melbourne VIC 3000",,au,TSE,POINT (144.9541445 -37.8189955),OceanaGold Corporation,,Victoria,2.47 CDN,OGC,http://www.oceanagold.com
"Hinton, AB T7V 1X8",Hinton,ca,TSX-Venture,POINT (-117.581653 53.403815),Olivut Resources Ltd.,,Alberta,0.05 CDN,OLV,http://www.olivut.com
"4710 Saint-Ambroise St, Montreal, QC H4C 2C7",Montreal,ca,TSX-Venture,POINT (-73.5806 45.475697),Opus One Resources Inc.,,Quebec,0.05 CDN,OOR ,http://www.opusoneresources.com
"55 University Ave, Toronto, ON M5J 2H7",Toronto,ca,TSX-Venture,POINT (-79.38401 43.646957),Orefinders Resources Inc.,,Ontario,0.05 CDN,ORX ,http://www.orefinders.ca
"325 Howe St Vancouver, BC V6C 1Z7",Vancouver,ca,TSX-Venture/OTC,POINT (-123.11437 49.286518),Orestone Mining Corp,,British Columbia,0.11 CDN,ORS/ORSF,http://www.orestone.ca
"1111 Melville St Vancouver, BC V6E 3V6",Vancouver,ca,TSX-Venture,POINT (-123.122136 49.286786),Orezone Gold Corporation,,British Columbia,0.44 CDN,ORE,http://www.orezone.com
"141 Adelaide St W, Toronto, ON M5H 3L5",Toronto,ca,TSX-Venture,POINT (-79.404066 43.644554),Orford Mining Corp.,,Ontario,0.04  CDN,ORM,http://www.orfordmining.com
"595 Howe St, Vancouver, BC V6C 2T5",Vancouver,ca,TSE,POINT (-123.117446 49.284596),Orla Mining Ltd.,,British Columbia,2.43 CDN,OLA ,http://www.orlamining.com
"34 Colin St, West Perth WA 6005",Perth,au,Sydney (ASX),POINT (115.8414839 -31.9506404),Oro Verde Limited,,Western Australia,0.008 AUS,OVL,http://www.oroverde.com.au
"Palm Grove House, Wickhams Clay Road Town, Tortola",Tortola,vg,TSX-Venture,POINT (-64.60382 18.43882),Orsu Metals Corporation,,,0.22 CDN,OSU ,http://www.orsumetals.com
"70 York St, Toronto, ON M5J 1S9",Toronto,ca,TSE,POINT (-79.3832611 43.6467492),Orvana Minerals Corp.,,Ontario,0.24 CDN,ORV ,http://www.orvana.com
"789 West Pender St, Vancouver, BC V6C 1H2",Vancouver,ca,TSX-Venture/FSE,POINT (-123.115458 49.285288),Osino Resources Corp.,,British Columbia,0.82 CDN,OSI/R2R1,http://www.osinoresources.com
"1100 Ave des Canadiens-de-Montreal, Montreal, QC H3B 2S2",Montreal,ca,TSE/NYSE,POINT (-73.569304 45.497154),Osisko Gold Royalties Ltd.,,Quebec,12.80 CDN,OR,http://www.osiskogr.com
"100 Ave des Canadiens-de-Montreal, Montreal, QC H3B 2S2",Montreal,ca,TSE,POINT (-73.569304 45.497154),Osisko Metals Incorporated,,Quebec,0.51 CDN,OM ,http://www.osiskometals.com
"300 Vesey St, New York, NY 10282",New York,us,OTCMKTS,POINT (-74.0169568 40.7144302),OTC Markets Group,,New York,34.55 USD,OTCM ,http://www.otcmarkets.com
"161 Bay St, Toronto, ON M5J 2S1",Toronto,ca,TSX-Venture,POINT (-79.3787741 43.6469),Otso Gold Corp.,,Ontario,0.08 CDN,OTSO ,http://www.otsogold.com
"850 W Hastings St, Vancouver, BC V6C 1E1",Vancouver,ca,TSX-Venture/OTCQB,POINT (-123.1161579 49.2862256),Pacific Empire Minerals Corp.,,British Columbia,0.05 CDN,PEMC/PEMSF,http://www.pemcorp.ca
"19-23 Clarinda Rd, Oakleigh South, VIC 3167",,au,,POINT (145.0992668 -37.9336306),Pacific Trends Resources Pty Ltd,,Victoria,,,http://www.pacifictrendsresources.com.au
"200 Burrard St, Vancouver, BC V6C 3L6",Vancouver,ca,TSX-Venture/OTC,POINT (-123.1155926 49.2876624),Pacton Gold Inc.,,British Columbia,0.10 CDN,PAC/PACXF,http://www.pactongold.com
"145 King St W, Toronto, ON M5H 1J8",Toronto,ca,TSX-Venture/OTC,POINT (-79.387868 43.647262),Palamina Corp.,,Ontario,0.22 CDN,PA/PLMNF,http://www.palamina.com
"800 West Pender St, Vancouver, BC V6C 2V6",Vancouver,ca,TSX-Venture/OTC/Frankfurt,POINT (-123.1164135 49.2853994),Palladium One,,British Columbia,0.17 CDN,PDM/NKORF/7N11,http://www.palladiumoneinc.com
"217 Queen St W, Toronto, ON M5V 0R2",Toronto,ca,TSX-Venture,POINT (-79.3877342 43.6505004),Pancontinental Resources Corporation,,Ontario,0.05 CDN,PUC,http://www.panconresources.com
"North Fremantle, WA 6159",Fremantle,au,,POINT (115.7549789 -32.0327438),Panda Mining Pty Ltd,,Western Australia,,,http://n/a
"700 West Pender St, Vancouver, BC V6C 1G8",Vancouver,ca,TSX-Venture/BVL/Borse/OTC,POINT (-123.1154498 49.2846592),Panoro Minerals Ltd.,,British Columbia,0.08 CDN,PML/PML/PZN/POROF,http://www.panoro.com
"2 Duke St, Marylebone, London, UK W1U 3EH",London,gb,London (AIM) ,POINT (-0.152587 51.516173),Panthera Resources Plc,,England,5.00 GBX,PAT,http://www.pantheraresources.com
,,,,,Patagonia Exploracion S.A.,,,,,http://N/A
,,,,,Pavey Ark Minerals Inc.,,,,,http://www.paveyarkminerals.com
"1/34 Kings Park Rd, West Perth, WA 6005",Perth,au,Sydney (ASX),POINT (115.8425473 -31.9534247),Peel Mining Ltd.,,Western Australia,0.23 AUS,PEX ,http://www.peelmining.com.au
"82 Richmond St E, Toronto, ON M5C 1P1",Toronto,ca,TSX-Venture,POINT (-79.3750388 43.6526534),Pelangio Exploration Inc.,,Ontario,0.14 CDN,PX,http://www.pelangio.com
"380 Wellington St, London, ON N6A 5B5",London,ca,CSE/OTCQB,POINT (-81.231038 42.961584),Peloton Minerals Corporation,,Ontario,0.09 CDN,PMC/PMCC,http://www.pelotonminerals.com
"141 Adelaide St W, Toronto, ON, M5H 3L5",Toronto,ca,TSX-Venture/OTCQB,POINT (-79.404066 43.644554),Plateau Energy Metals Inc.,,Ontario,0.27 CDN,PLU/PLUUF,http://www.plateauenergymetals.com
"470 Granville St, Vancouver, BC V6C 1V5",Vancouver,ca,TSX-Venture,POINT (-123.1142086 49.2846008),Playfair Mining Ltd.,,British Columbia,0.03 CDN,PLY ,http://www.playfairmining.com
"100 King St W, Toronto, ON M5X 1C7",Toronto,ca,TSE/NYSE,POINT (-79.3816918 43.6487681),PolyMet Mining Corp.,,Ontario,0.36 CDN,POM/PLM,http://www.polymetmining.com
"470 Granville St, Vancouver, BC V6C 1V5",Vancouver,ca,TSX-Venture/FSE,POINT (-123.1142086 49.2846008),Portofino Resources Inc.,,British Columbia,0.04 CDN,POR/POT,http://www.portofinoresources.com
"55 University Ave, Toronto, ON M5J 2H7",Toronto,ca,TSX-Venture,POINT (-79.38401 43.646957),Power Ore Inc.,,Ontario,0.06 CDN,PORE,http://www.powerore.com
,,,,,PPX Mining Corp.,,,,,http://www.ppxmining.com
"1100 Russell St, Thunder Bay, ON P7B 5N2",Thunder Bay,ca,TSE,POINT (-89.254509 48.402074),Premier Gold Mines Limited,,Ontario,1.52 CDN,PG,http://www.premiergoldmines.com
,,,See: TSX TR,,Privateer Gold,,,,,http://www.privateer.gold
"56 Temperance St, Toronto, ON M5H 3V5",Toronto,ca,TSX-Venture,POINT (-79.381758 43.650618),Probe Metals Inc.,,Ontario,1.17 CDN,PRB ,http://www.probemetals.com
,,,,,Prolific Mining Corp.,,,,,http://www.prolificutah.com/home
"409 Granville St, Vancouver BC V6C 1T2",Vancouver,ca,TSE/OTC/Frankfurt,POINT (-123.1142912 49.2853029),Prophecy Development Corp.,,British Columbia,0.26 CDN,PCY/PRPCF/1P2N,http://www.prophecydev.com
"1040 W Georgia St, Vancouver, BC V6E 4H1",Vancouver,ca,"According to Mr. Zuker, Pucara plans to go public in Toronto on the TSX, and they have some pretty significant shareholders, like Resource Capital Funds, Sandstorm Gold Ltd, and Alamos Gold Inc http://www.metalsnews.com/Metals+News/MetalsNews/Allen+Alper+Jr.,+President,+Metals+News+Inc./FEATURED1265635/Interview+with+Steve+Zuker+President++CEO+of+Pucara+Resources+MultiMillionOunce+Gold+Targets+in+Peru.htm",POINT (-123.082129 49.27799),Pucara Resources,,British Columbia,,,http://www.pucararesources.com
"1055 W Hastings St, Vancouver, BC V6E 2E9",Vancouver,ca,TSX-Venture,POINT (-123.118268 49.2877658),Pure Gold Mining,,British Columbia,0.77 CDN,PGM ,http://www.puregoldmining.ca
"120 Adelaide St W, Toronto, ON M5H 1T1",Toronto,ca,TSX-Venture,POINT (-79.38320299999999 43.650014),Purepoint Uranium Group Inc.,,Ontario,0.05 CDN,PTU ,http://www.purepoint.ca
"65 Queen St W, Toronto, ON M5H 2M5",Toronto,ca,TSE/Frankfurt,POINT (-79.382324 43.651771),QMX Gold Corporation,,Ontario,0.11 CDN,QMX/OU2A,http://www.qmxgold.ca
"1199 W Hastings St, Vancouver, BC V6E 3T5",Vancouver,ca,TSX-Venture/OTCQB,POINT (-123.122234 49.288927),Quaterra Resources Inc.,,British Columbia,0.06 CDN,QTA/QTRRF,http://www.quaterra.com
"700 Ave Dallaire, Rouyn-Noranda, QC J9X 4V9",Rouyn-Noranda,ca,TSX-Venture,POINT (-79.026093 48.228226),Radisson Mining Resources Inc.,,Quebec,0.19 CDN,RDS,http://www.radissonmining.com
"105 King St E, Toronto ON M5C 1G6",Toronto,ca,,POINT (-79.373383 43.649967),Red Cloud Securities Inc.,,Ontario,,,http://www.redcloudks.com
"278 Bay St, Thunder Bay, ON P7B 1R8",Thunder Bay,ca,OTCMKTS,POINT (-89.228801 48.431667),Red Metal Resources Ltd.,,Ontario,0.10 CDN,RMES,http://www.redmetalresources.com
"145 Wellington St W, Toronto, ON M5J 1H8",Spadina—Fort York,ca,TSX-Venture,POINT (-79.384956 43.645962),Red Pine Exploration Inc.,,Ontario,0.04 CDN,RPX ,http://www.redpineexp.com
"409 Granville St, Vancouver, BC V6C 1T2",Vancouver,ca,TSX-Venture/OTC,POINT (-123.1142912 49.2853029),Redstar Gold Corp.,,British Columbia,0.03 CDN,RGC/RGCTF,http://www.redstargold.com
"5 Canada Square, London, UK E14 5AQ",London,gb,,POINT (-0.018556 51.50564),Refinitiv,,England,,,http://www.refinitiv.com/en
"1177 W Hastings St, Vancouver, BC V6E 2K3",Vancouver,ca,TSX-Venture,POINT (-123.119792 49.287988),Regulus Resources Inc.,,British Columbia,1.10 CDN,REG,http://www.regulusresources.com
"4750 Longley Ln, Reno, NV 89502",Reno,us,TSX-Venture/OTCQB,POINT (-119.7606833 39.4859973),Renaissance Gold Inc.,,Nevada,0.33 CDN,REN/RNSGF,http://www.rengold.com
"1099 Kingston Rd, Pickering, ON L1V 1B5",Toronto,ca,CSE,POINT (-79.096819 43.829389),Renforth Resources Inc.,,Ontario,0.04 CDN,RFR ,http://www.renforthresources.com
"25 York St, Toronto ON MSJ 2V5",,ca,,,Resource Capital Funds,,,,,http://www.resourcecapitalfunds.com
"1111 St Charles St W, Longueuil, QC J4K 5G4",Longueuil,ca,TSX-Venture,POINT (-73.51515499999999 45.518331),Reunion Gold Corporation,,Quebec,0.10 CDN,RGD,http://www.reuniongold.com
"543 Granville St, Vancouver, BC V6C 1X8",Vancouver,ca,TSX-Venture,POINT (-123.115947 49.284352),Revelo Resources Corp.,,British Columbia,0.01 CDN,RVL ,http://www.reveloresources.com
"145 King St W, Toronto, ON M5H 1J8",Toronto,ca,TSX-Venture/OTCQB,POINT (-79.387868 43.647262),Revival Gold Inc.,,Ontario,0.83 CDN,RVG/RVLGF,http://www.revival-gold.com
"145 King St W, Toronto, ON M5H 1J8",Toronto,ca,,POINT (-79.387868 43.647262),Richardson GMP - Alexandra Horwood,,Ontario,,,http://www.alexandrahorwood.com
"6 St James's Square, London, UK SW1Y 4AD",London,gb,Sydney (ASX),POINT (-0.135014 51.508153),Rio Tinto,,England,97.50 AUS,RIO,http://www.riotinto.com
"800 W Pender St, Vancouver BC V6C 2V6",Vancouver,ca,TSX-Venture/OTCQB,POINT (-123.1164135 49.2853994),Riverside Resources Inc.,,British Columbia,0.14 CDN,RRI/RVSDF ,http://www.rivres.com
"Kirkland Lake, ON, P2N 3L1",Kirkland Lake,ca,TSX-Venture/OTC,POINT (-80.029196 48.151604),RJK Explorations Ltd.,,Ontario,0.24 CDN,RJX.A/RJKAF,http://www.rjkexplorations.com
"141 Adelaide St W, Toronto, ON M5H 3L5",Toronto,ca,TSE/OTCQX,POINT (-79.404066 43.644554),RNC Minerals,,Ontario,0.44 CDN,RNX/RNKLF,http://www.rncminerals.com
"141 Adelaide St W, Toronto, ON M5H 3L5",Toronto,ca,CSE,POINT (-79.404066 43.644554),Rockcliff Metals Corporation,,Ontario,0.07 CDN,RCLF ,http://www.rockcliffmetals.com
"625 Howe St, Vancouver, BC V6C 2T6",Vancouver,ca,TSX-Venture/OTC:Pink/Frankfurt,POINT (-123.117998 49.284231),ROKMASTER Resources Corp.,,British Columbia,0.08 CDN,RKR/RKMSF/1RR,http://www.rokmaster.com
"2 Toronto St, Toronto, ON M5C 2B6",Toronto,ca,TSX-Venture/OTCPK/Frankfurt,POINT (-79.376175 43.649696),Romios Gold Resources Inc.,,Ontario,0.04 CDN,RG/RMIOF/D4R,http://www.romios.com
"1550 Bedford Hwy, Bedford, NS B4A 1E6",Halifax,ca,TSX-Venture,POINT (-63.657547 44.732176),Roscan Gold Corporation,,Nova Scotia,0.15 CDN,ROS,http://www.roscan.ca
"360 Bay St, Toronto, ON M5H 2V6",Toronto,ca,TSE/OTCQX,POINT (-79.381439 43.650734),Roxgold Inc.,,Ontario,0.95 CDN,ROXG/ROGFF,http://www.roxgold.com
"320 Sussex Dr, Ottawa, ON K1A 0G8",Ottawa,ca,,POINT (-75.69926030000001 45.431451),Royal Canadian Mint,,Ontario,,,http://www.reserves.mint.ca
"4 Wharf St, St Helier, Jersey JE2 3NR",St Helier,je,TSX-Venture,POINT (-2.107975 49.1831984),Royal Road Minerals,,,0.23 CDN,RYR ,http://www.royalroadminerals.com
"789 West Pender St, Vancouver, BC V6C 1H2",Vancouver,ca,TSX-Venture,POINT (-123.115458 49.285288),Rugby Mining Limited,,British Columbia,0.12 CDN,RUG,http://www.rugbymining.com
"4/24 Parkland Road, Osborne Park, WA 6017",Perth,au,Sydney (ASX),POINT (115.8139668 -31.9171547),S2 Resources Ltd.,,Western Australia,0.10 AUS,S2R ,http://www.s2resources.com.au
"555 Burrard St, Vancouver, BC V7X 1M9",Vancouver,ca,TSE,POINT (-123.118569 49.286399),Sabina Gold & Silver Corp.,,British Columbia,1.72 CDN,SBB ,http://www.sabinagoldsilver.com
"1090 W Georgia St, Vancouver, BC V6E 3V7",Vancouver,ca,TSX-Venture/FSE,POINT (-123.123296 49.285369),Salazar Resources Limited,,British Columbia,0.23 CDN,SRL/CCG,http://www.salazarresources.com
"400 Burrard St, Vancouver, BC V6C 3A6",Vancouver,ca,TSE/NYSE,POINT (-123.117075 49.286617),Sandstorm Gold Royalties,,British Columbia,9.21 CDN,SSL/SAND,http://www.sandstormgold.com
"283 Given Terrace, Paddington QLD 4064",Brisbane,au,Sydney (ASX),POINT (153.0070107 -27.4620261),Sayona Mining Limited,,Queensland,0.01 AUS,SYA ,http://www.sayonamining.com.au
"1959 Upper Water St, Halifax, NS B3J 3N2",Halifax,ca,TSX-Venture,POINT (-63.574183 44.651743),ScoZinc Mining Ltd.,,Nova Scotia,0.60 CDN,SZM ,http://www.scozinc.com
"1199 West Pender St, Vancouver, BC V6E 2R1",Vancouver,ca,TSX-Venture,POINT (-123.07925 49.280055),Searchlight Resources Inc.,,British Columbia,0.04 CDN,SCLT ,http://www.searchlightresources.com
"100 Boulevard Alexis-Nihon, Saint-Laurent, QC H4M 2P3",Saint-Laurent,ca,TSE,POINT (-73.687268 45.503163),SEMAFO Inc.,,Quebec,3.29 CDN,SMF ,http://www.semafo.com
"30-32 Ludgate Hill, London, UK EC4M 7DR",London,gb,London (AIM)/TSE/ ,POINT (-0.101356 51.513925),Serabi Gold plc,,England,86.75 GBX,SRB/SBI,http://www.serabigold.com
"800 W Pender St, Vancouver, BC V6C 2V6",Vancouver,ca,TSX-Venture,POINT (-123.1164135 49.2853994),Serengeti Resources Inc.,,British Columbia,0.22 CDN,SIR,http://www.serengetiresources.com
"22 Adelaide St W, Toronto, ON M5H 4E3",Toronto,ca,TSE,POINT (-79.3794979 43.6504863),Sherritt International Corporation,,Ontario,0.17 CDN,S,http://www.sherritt.com
"360 Rue Saint-Jacques, Montréal, QC H2Y 1P5",Montreal,ca,,POINT (-73.587188 45.476943),Sidex,,Quebec,,,http://www.sidex.ca
"161 Bay St, Toronto, ON M5J 2S1",Toronto,ca,TSE/NYSE,POINT (-79.3787741 43.6469),Sierra Metals Inc.,,Ontario,2.00  CDN,SMT/SMTS,http://www.sierrametals.com
"45 King William St, London, UK EC4R 9AN",London,gb,TSE,POINT (-0.08673500000000001 51.509974),Silver Bear Resources Plc.,,England,0.14 CDN,SBR ,http://www.silverbearresources.com
"1040 W Georgia St, Vancouver, BC V6E 4H1",Vancouver,ca,TSX-Venture/OTC/FSE,POINT (-123.082129 49.27799),Silver One Resources,,British Columbia,0.35 CDN,SVE/SLVRF/BRK1,http://www.silverone.com
"1066 W Hastings St, Vancouver, BC V6E 3X1",Vancouver,ca,TSE/NYSE,POINT (-123.118888 49.287369),Silvercorp Metals Inc.,,British Columbia,5.50 CDN,SVM,http://www.silvercorp.ca
"570 Granville St, Vancouver, BC V6C 3P1",Vancouver,ca,TSE/NYSE,POINT (-123.115659 49.28372),SilverCrest Metals Inc.,,British Columbia,8.86 CDN,SIL ,http://www.silvercrestmetals.com
"1000 St-Antoine O, Montréal, QC H3C 3R7",Montreal,ca,TSX-Venture,POINT (-73.56571700000001 45.497875),Sirios Resources Inc.,,Quebec,0.15 CDN,SOI ,http://www.sirios.com
"409 Granville St, Vancouver, BC V6C 1T2",Vancouver,ca,CSE/FSE,POINT (-123.1142912 49.2853029),Sitka Gold Corp,,British Columbia,0.23 CDN,SIG/1RF,http://www.sitkagoldcorp.com
"1021 W Hastings St, Vancouver, BC V6E 0C3",Vancouver,ca,TSX-Venture/OTCQX/FRA,POINT (-123.081309 49.281117),Skeena Resources Ltd.,,British Columbia,1.08 CDN,SKE/SKREF/RXFB,http://www.skeenaresources.com
"777 Dunsmuir St, Vancouver, BC V7Y 1K4",Vancouver,ca,TSX-Venture/OTCQB/Frankfurt,POINT (-123.116399 49.284331),Skyharbour Resources Ltd.,,British Columbia,0.17 CDN,SYH/SYH/SYHBF/SC1P,http://www.skyharbourltd.com
"82 Richmond St E, Toronto, ON M5C 1P1",Toronto,ca,TSX-Venture,POINT (-79.3750388 43.6526534),Sokoman Minerals Corp.,,Ontario,0.11 CDN,SIC ,http://www.sokomanmineralscorp.com
"111 Eagle St, Brisbane, QLD 4000",Brisbane,au,TSE/LSE,POINT (153.0302377 -27.4676311),SolGold,,Queensland,0.35 CDN,SOLG ,http://www.solgold.com.au
"4251 Kipling St, Wheat Ridge, CO 80033",Wheat Ridge,us,TSE/NYSE,POINT (-105.1097227 39.7761401),Solitario Zinc Corp.,,Colorado,0.42 CDN,SLR/XPL,http://www.solitariozinc.com
"409 Granville St, Vancouver, BC V6C 1T2",Vancouver,ca,TSX-Venture/OTCQB/FRA,POINT (-123.1142912 49.2853029),Sonoro Metals Corp.,,British Columbia,0.14 CDN,SMO/SMOFF/23SP,http://www.sonorometals.com
"108 St Georges Terrace, Perth, WA 6000",Perth,au,Sydney (ASX),POINT (115.857183 -31.9544442),South32 Limited,,Western Australia,2.63 AUS,S32,http://www.south32.net
"410 Falconbridge Road, Sudbury, ON P3A 4S4",Sudbury,ca,TSX-Venture ,POINT (-80.926716 46.515118),SPC Metals,,Ontario,0.18 CDN,"XTM (Transition Metals, Parent) ",http://www.sudburyplatinumcorp.com
"1000 De La Gauchetière O, Montreal, QC H3B 4W5",Montreal,ca,TSX-Venture ,POINT (-73.5662471 45.4982013),Sphinx Resources Ltd.,Montreal (06),Quebec,0.02 CDN,SFX,http://www.sphinxresources.ca
"1104 20th Ave, Menominee, MI 49858",Menominee,us,,POINT (-87.6180061 45.1170662),Spirit Mining LLC,,Michigan,,,http://www.spiritmining.us
"200 Bay St, Toronto, ON M5J 2J1",Toronto,ca,TSE,POINT (-79.3803017 43.6466411),Sprott Group of Companies,,Ontario,3.05 CDN,SII,http://www.sprott.com
"El Trovador 4285, Las Condes, Región Metropolitana",Las Condes,cl,NYSE,POINT (-70.58654199999999 -33.413795),SQM,,Santiago Metropolitan Region,31.05 USD,SQM,http://www.sqm.com
"224 4th Ave S, Saskatoon, SK S7K 5M5",,ca,TSX-Venture ,POINT (-106.6612543 52.1255464),Star Diamond Corporation,,Saskatchewan,0.45 CDN,DIAM,http://www.stardiamondcorp.com
"580 Hornby St, Vancouver, BC V6C 3B6",Vancouver,ca,TSE/FK,POINT (-123.117909 49.285199),Starcore International Mines Ltd.,,British Columbia,0.12 CDN,SAM/V4JA,http://www.starcore.com
"Shangri-La, Olympic St 19A, Sukhbaatar District 1, Ulaanbaatar 14241",Ulan Bator,mn,TSE/FWB,POINT (106.88324 47.90771),Steppe Gold Limited,,Ulaanbaatar Hot,0.91 CDN,STGO/2J9,http://www.steppegold.com
"100 King St W, Toronto, ON M5X 1C7",Toronto,ca,TSX-Venture ,POINT (-79.3816918 43.6487681),Stratabound Minerals Corp.,,Ontario,0.08 CDN,SB ,http://www.stratabound.com
"510 W Hastings St, Vancouver, BC V6B 1L8",Vancouver,ca,See companies ,POINT (-123.112371 49.283923),Strategic Exploration Group,,British Columbia,,,http://www.strategicmetalsltd.com
"625 Howe St, Vancouver, BC V6C 2T6",Vancouver,ca,TSX-Venture,POINT (-123.117998 49.284231),Strongbow Exploration Inc.,,British Columbia,0.05 CDN,SBW,http://www.strongbowexploration.com
"1245 W Broadway, Vancouver, BC V6H 1G7",Vancouver,ca,TSX-Venture ,POINT (-123.1253235 49.2635543),Stuhini Exploration Ltd.,,British Columbia,0.30  CDN,STU ,http://www.stuhini.com
"15782 Marine Dr, White Rock, BC V4B 1E6",White Rock,ca,,POINT (-122.78529 49.016777),Sun Peak Metals,,British Columbia,,,http://www.sunpeakmetals.com
"100 King St W, Toronto, ON M5X 1A0",Toronto,ca,CSE,POINT (-79.381714 43.648778),Talisker Resources,,Ontario,0.41 CDN,TSK,http://www.taliskerresources.com
"6 Willowood Ct, Toronto, ON M2J 2M3",Toronto,ca,CSE,POINT (-79.363106 43.780701),Talmora Diamond Inc.,,Ontario,0.02 CDN,TAI-CN,http://www.talmoradiamond.com
"Craigmuir Chambers Road Town, Tortola VG1110",Tortola,vg,TSE,POINT (-64.60382 18.43882),Talon Metals Corp.,,,0.12 CDN,TLO ,http://www.talonmetals.com
"550 Burrard St, Vancouver, BC V6C 0B3",West Vancouver,ca,TSE,POINT (-123.191454 49.343413),Teck Resources Limited,,British Columbia,19.90 CDN,TECK.A,http://www.teck.com
"744 W Hastings St, Vancouver, BC V6C 1A5",Tsawwassen,ca,TSX-Venture,POINT (-123.067887 49.025591),Tectonic Metals Inc.,,British Columbia,0.23 CDN,TECT,http://www.tectonicmetals.com
"1111 Melville St, Vancouver, BC V6E 3V6",Vancouver,ca,TSX-Venture,POINT (-123.122136 49.286786),Telson Mining Corporation,,British Columbia,0.11 CDN,TSN,http://www.telsonmining.com
"22 Mount St, Perth, WA 6000",Perth,au,Sydney (ASX),POINT (115.8510181 -31.9529761),Tempus Resources Limited,,Western Australia,0.21 AUS,TMR,http://www.tempusresources.com.au
"77 King St W, Toronto, ON M5K 2A1",Toronto,ca,TSE/OTCQX,POINT (-79.382057 43.647865),Teranga Gold Corporation,,Ontario,7.66 CDN,TGZ/TGCDF,http://www.terangagold.com
"999 Canada Place, Vancouver, BC V6C 3E1",Vancouver,ca,TSX-Venture,POINT (-123.114011 49.287912),Tethyan Resource Corp.,,British Columbia,0.16 CDN,TETH ,http://www.tethyan-resources.com
"101 E Lakeside Dr, Coeur d’Alene, ID 83814",Coeur d'Alene,us,TSX-Venture/OTCQB,POINT (-116.785529 47.67521),Timberline Resources Corporation,,Idaho,0.10 CDN,TBR/TLRS,http://www.timberline-resources.com
"1090 W Georgia St, Vancouver, BC V6E 3V7",Vancouver,ca,TSX-Venture,POINT (-123.123296 49.285369),Tinka Resources Limited,,British Columbia,0.18 CDN,TK ,http://www.tinkaresources.com
"100 Adelaide St W, Toronto, ON M5H 1S3",Toronto,ca,TMX ,POINT (-79.38205600000001 43.649612),Toronto Stock Exchange,,Ontario,117.10 CDN,X,http://www.tsx.com
"410 Falconbridge Rd, Sudbury, ON P3A 4S4",Sudbury,ca,TSX-Venture,POINT (-80.926716 46.515118),Transition Metals Corp.,,Ontario,0.18 CDN,XTM ,http://www.transitionmetalscorp.com
"130 King St W, Toronto, ON M5X 1B1",Toronto,ca,TSX-Venture,POINT (-79.38324249999999 43.648418),Treasury Metals Inc.,,Ontario,0. 26 CDN,TML,http://www.treasurymetals.com
"1934 131 St White Rock, BC V4A 7R7",White Rock,ca,TSX-Venture,POINT (-122.859595 49.037326),Tres-Or Resources Ltd.,,British Columbia,0.09 CDN,TRS,http://www.tres-or.com
"999 West Hastings St, Vancouver, BC V6C 2W2",Vancouver,ca,TSX-Venture,POINT (-123.11651 49.287199),Trevali Mining Corporation,,British Columbia,0.17 CDN (low for production...?),TV,http://www.trevali.com
"125 Don Hillock Dr, Aurora, ON L4G 0H8",Toronto,ca,TSX-Venture,POINT (-79.412278 44.009052),Tri Origin Exploration Ltd.,,Ontario,0.02 CDN,TOE ,http://www.triorigin.com
"609 Granville St, Vancouver, BC V7Y 1G5",Vancouver,ca,TSE/NYSE,POINT (-123.1157179 49.2829861),Trilogy Metals Inc.,,British Columbia,2.69 CDN,TMQ,http://www.trilogymetals.com
"7950 East Acoma Dr, Scottsdale, AZ 85260",Scottsdale,us,TSX-Venture/OTCQB,POINT (-111.909146 33.6178188),TriStar Gold Inc.,,Arizona,0.32 CDN,TSG/TSGZF,http://www.tristargold.com
"1111 Melville St, Vancouver, BC V6E 3V6",Vancouver,ca,TSX-Venture/OTC/Frankfurt ,POINT (-123.122136 49.286786),Triumph Gold Corp.,,British Columbia,0.23 CDN,TIG/TIGCF/8N61,http://www.triumphgoldcorp.com
"36 Lombard St, Toronto, ON M5C 2X3",Toronto,ca,TSX-Venture/OTCQB,POINT (-79.376312 43.651821),Troilus Gold Corp.,,Ontario,0.76 CDN,TLG/CHXMF,http://www.troilusgold.com
"837 W Hastings St, Vancouver, BC V6C 3N6",W Vancouver,ca,TSX-Venture/Frankfurt,POINT (-123.115131 49.286164),Tudor Gold Corp.,,British Columbia,0.61 CDN,TUD/TUC.F,http://www.tudor-gold.com
"100 King St W, Toronto, ON M5X 1C7",Toronto,ca,CSE/OTCMKTS,POINT (-79.3816918 43.6487681),Ubique Minerals Ltd.,,Ontario,0.05 CDN,UBQ/GRNBF,http://www.ubiqueminerals.com
"210 Waterfront Dr,  Bedford, NS B4A 0H3",Halifax,ca,TSX-Venture/OTCQX/FSE,POINT (-63.673267 44.714911),Ucore Rare Metals Inc.,,Nova Scotia,0.20 CDN,UCU/UURAF/U9U ,http://www.ucore.com
"3530 Millar Ave, Saskatoon, SK S7P 0B6",Saskatoon,ca,TSX-Venture,POINT (-106.646538 52.187503),UEX Corporation,,Saskatchewan,0.12 CDN,UEX ,http://www.uexcorp.com
"141 Adelaide St W, Toronto, Ontario M5H 3L5",Toronto,ca,TSX-Venture,POINT (-79.404066 43.644554),Unigold Inc.,,Ontario,0.20 CDN,UGD,http://www.unigoldinc.com
"500 N Shoreline Blvd, Corpus Christi, TX 78401",Corpus Christi,us,NYSE,POINT (-97.39184729999999 27.7950228),Uranium Energy Corp.,,Texas,0.89 USD,UEC,http://www.uraniumenergy.com
"10758 W Centennial Road, Littleton, CO 80127",Littleton,us,TSE/NYSE,POINT (-105.120163 39.567038),Ur-Energy Inc.,,Colorado,0.71 CDN,URE/URG,http://www.ur-energy.com
"Praia de Botafogo, 186 - Botafogo, Rio de Janeiro, 22250-040",Rio de Janeiro,br,NYSE,POINT (-43.1822896 -22.94755),Vale Canada Limited,,Rio de Janeiro,12.10 USD,VALE ,http://www.vale.com
"Avenida del Partenón, 16-18, 28042 Madrid",Madrid,es,See Sycre?,POINT (-3.6162858 40.4638462),Valoriza Mineria SL,,Community of Madrid,/,/,http://www.valorizamineria.com
"110 Yonge St, Toronto, ON M5C 1T4",Toronto,ca,,POINT (-79.38515700000001 43.647459),Vanadium One Iron Corp.,,Ontario,,,http://www.vanadiumone.com
"1505 W 2nd, Vancouver, BC V6H 3Y4",Vancouver,ca,TSX-Venture,POINT (-123.137983 49.269592),VanadiumCorp Resource Inc.,,British Columbia,0.05 CDN,VRB ,http://www.vanadiumcorp.com
"1177 W Hastings St, Vancouver, BC V6E 2K3",Vancouver,ca,TSX-Venture,POINT (-123.119792 49.287988),Velocity Minerals Ltd.,,British Columbia,0.44 CDN,VLC ,http://www.velocityminerals.com
"80 Richmond St W, Toronto, ON M5H 2A4",Toronto,ca,CSE,POINT (-79.38215599999999 43.651237),Victory Nickel Inc.,,Ontario,0.03 CDN,NI ,http://www.victorynickel.ca
"1801 McGill College Ave, Montreal, QC H3A 2N4",Montreal,ca,TSX-Venture,POINT (-73.601584 45.557805),Vior Inc.,,Quebec,0.10 CDN,VIO ,http://www.vior.ca
"7961 Shaffer Parkway, Littleton, CO 80127",Littleton,us,TSE/NYSE,POINT (-105.133152 39.574207),Vista Gold Corp.,,Colorado,0.92 CDN,VGZ,http://www.vistagold.com
"8047 199 St, Langley, BC V2Y 0E2",Vancouver,ca,TSX-Venture/OTCBB/Frankfurt,POINT (-122.671782 49.149145),Viva Gold Corp.,,British Columbia,0.23 CDN,VAU/VAUCF/7PB,http://www.vivagoldcorp.com
"1030 West Georgia St, Vancouver, BC V6E 2Y3",Vancouver,ca,TSX-Venture,POINT (-123.122024 49.284541),Vizsla Resources Corp.,,British Columbia,0.69 CDN,VZLA,http://www.vizslaresources.com
"700 West Pender St, Vancouver, BC V6C 1G8",Vancouver,ca,TSX-Venture/OTC/Frankfurt,POINT (-123.1154498 49.2846592),VR Resources Ltd.,,British Columbia,0.35 CDN,VRR/VRRCF/5VR,http://www.vrr.ca
"333 Duckworth St St John's, NL A1C 1G9",St. John's,ca,TSX-Venture,POINT (-52.707813 47.564626),Vulcan Minerals Inc.,,Newfoundland and Labrador,0.05 CDN,VUL ,http://www.vulcanminerals.ca
129 Fielding Road Lively ON P3Y 1L7,Lively,ca,TSX-Venture,POINT (-81.09700599999999 46.446123),Wallbridge Mining Company Limited,,Ontario,0.89 CDN,WM ,http://www.wallbridgemining.com
"353 Dalhousie St, Ottawa, ON K1N 7G1",Ottawa,ca,,POINT (-75.690315 45.4281637),WCPD Inc.,,Ontario,,,http://www.wcpd.com
"1177 West Hastings St, Vancouver, BC V6E 2K3",Vancouver,ca,TSX-Venture/OTCQB,POINT (-123.119792 49.287988),Wealth Minerals Ltd.,,British Columbia,0.30 CDN,WML/WMLLF,http://www.wealthminerals.com
"220 Bay St, Toronto, ON M5J 2W4",Toronto,ca,TSE,POINT (-79.379954 43.647552),Wesdome Gold Mines,,Ontario,9.73 CDN,WDO,http://www.wesdome.com
"82 Richmond St E, Toronto, ON  M5C 1P1",Toronto,ca,CSE,POINT (-79.3750388 43.6526534),West Red Lake Gold Mines Inc.,,Ontario,0.07 CDN,RLG ,http://www.westredlakegold.com
"3573 E Sunrise Drive, Tucson, AZ 85718",,us,private ,POINT (-110.9128694 32.3152636),Western Alaska Copper and Gold,,Arizona,,,http://www.wacg.rocks
"666 Burrard St, Vancouver, BC V6C 2X8",Vancouver,ca,TSX-Venture,POINT (-123.119358 49.285067),Western Atlas Resources Inc.,,British Columbia,0.08 CDN,WA,http://www.westernar.com
"1040 West Georgia St, Vancouver, BC V6E 4H",,ca,TSE/NYSE,,Western Copper and Gold Corporation,,,0.79 CDN,WRN,http://www.westerncopperandgold.com
"330 Bay St, Toronto, ON M5H 2S8",Toronto,ca,CSE/OTCQX,POINT (-79.381218 43.650112),Western Uranium & Vanadium Corp.,,Ontario,0.77 CDN,WUC/WSTRF,http://www.western-uranium.com
"409 Granville St, Vancouver, BC V6C 1T2",Vancouver,ca,TSX-Venture,POINT (-123.1142912 49.2853029),Westhaven Ventures Inc.,,British Columbia,0.70 CDN,WHN ,http://www.westhavenventures.com
"1021 West Hastings St Vancouver, BC V6E 0C3",Vancouver,ca,TSE/NYSE,POINT (-123.081309 49.281117),Wheaton Precious Metals Corp.,,British Columbia,41.65 CDN,WPM,http://www.wheatonpm.com
"82 Richmond St E, Toronto, ON M5C 1P1",Toronto,ca,TSX-Venture/OTC,POINT (-79.3750388 43.6526534),White Gold Corp.,,Ontario,0.87 CDN,WGO/WHGOF,http://www.whitegoldcorp.ca
"12 Anderson St, West Ballarat, Victoria 3350",BALLARAT CENTRAL,au,Sydney (ASX),POINT (143.8599147 -37.5653844),White Rock Minerals,,VICTORIA,0.00 AUS,WRM,http://www.whiterockminerals.com.au
"580 Hornby St, Vancouver, BC V6C 3B6",Vancouver,ca,TSX-Venture/OTC,POINT (-123.117909 49.285199),Wildsky Resources Inc.,,British Columbia,0.06 CDN,WSK/HWTHF,http://www.wildskyresources.com
"7005 Boulevard Taschereau, Brossard, QC J4Z 1A7",Brossard,ca,TSX-Venture,POINT (-73.4654007 45.4667634),Windfall Geotek Inc.,Montérégie,Quebec,0.09 CDN,WIN,http://www.windfallgeotek.com
"1100 Russell St, Thunder Bay, ON P7B 5N2",Thunder Bay,ca,TSX-Venture,POINT (-89.254509 48.402074),Wolfden Resources Corporation,,Ontario,0.14 CDN,WLF ,http://www.wolfdenresources.com
"837 W Hastings St, Vancouver, BC V6C 3N6",W Vancouver,ca,TSX-Venture,POINT (-123.115131 49.286164),Xiana Mining Inc.,,British Columbia,0.22 CDN,XIA,http://www.xianamining.com
"888 Dunsmuir St, Vancouver, BC V6C 3K4",Vancouver,ca,TSX-Venture/OTC/FRA,POINT (-123.118347 49.284543),Ximen Mining Corp.,,British Columbia,0.41 CDN,XIM/XXMMF/1XMA,http://www.ximenminingcorp.com
"139 Avenue Québec, Rouyn-Noranda, QC J9X 6M8",Rouyn-Noranda,ca,TSX-Venture/Frankfurt,POINT (-79.029276 48.239912),X-Terra Resources,,Quebec,0.09 CDN,XTT/XTR,http://www.xterraresorces.com
"200 Bay St, Toronto, ON M5J 2J3",Toronto,ca,TSE/NSYE,POINT (-79.432474 43.647232),Yamana Gold Inc.,,Ontario,5.78 CDN,YRI/AUY ,http://www.yamana.com
"110 Boulevard Crémazie O, Montréal, QC H2P 1B9",Montreal,cca,TSX-Venture,POINT (-73.642751 45.540262),Yorbeau Resources Inc.,,Quebec,0.04 CDN,YRB,http://www.yorbeauresources.com
"106 Strickland St, Whitehorse, YT Y1A 2J5",Whitehorse,ca,See Individual companies,POINT (-135.054207 60.723022),Yukon Mining Alliance,,Yukon,,,http://www.yukonminingalliance.ca
"1205 Amber Drive, Thunder Bay, ON P7B 6M4",Thunder Bay,ca,TSX-Venture/OTCQB,POINT (-89.262342 48.409727),Zen Graphene Solutions,,Ontario,0.52 CDN,ZEN/ZENYF,http://www.zengraphene.com
"1959 Upper Water St, Halifax, NS B3J 3N2",Halifax,ca,TSX-Venture/OTC,POINT (-63.574183 44.651743),Zephyr Minerals Ltd.,,Nova Scotia,0.25 CDN,ZFR/ZPHYF,http://www.zephyrminerals.com
"789 West Pender St, Vancouver, BC V6C 1H2",Vancouver,ca,TSX-Venture/FSE,POINT (-123.115458 49.285288),Zimtu Capital Corp.,,British Columbia,0.15 CDN,ZC/ZCT1,http://www.zimtu.com
"1055 West Georgia St, Vancouver, BC V6E 3P3",Vancouver,ca,TSX-Venture,POINT (-123.120389 49.2851711),ZincX Resources Corp.,,British Columbia,0.10 CDN,ZNX ,http://www.zincxresources.com
,,,,,Affinity Metals  Corp,,,,,http://www.affinity-metals.com
,,,,,Aranjin Resources Ltd,,,,,http://www.ionenergy.ca
,,,,,Dolly Varden Silver,,,,,http://www.dollyvardensilver.com
,,,,,GR Silver Mining Ltd.,,,,,http://www.grsilvermining.com
,,,,,Mosra Enerji,,,,,http://www.mosraenerji.com
,,,,,Sparton Resources Inc.,,,,,http://www.spartonresources.com
